player,day,mean,variance
2,1,3.3784924442351354,49.938002680279524
2,3,3.225706742468667,30225.378145564246
1,1,-3.3784924442350546,49.938002680279524
1,3,-3.225706742468586,30225.378145564246
3,4,-32.02507630511461,24.985853571896595
3,5,-32.00256549740977,27727.86775299177
4,4,175.36806298663316,24.98801103688324
4,5,175.39936489529723,40232.84598746579
5,5,-136.5363023567894,45366.978838502495
23,1490,-122.69915851744888,7378.902568572466
23,1605,-128.43690417967875,5882.877584025158
23,1723,-125.63288631660791,5644.398796250743
23,1809,-122.19137766724175,5338.369070260233
23,1853,-123.36706027301008,5309.087905367877
23,1980,-130.30520795368025,5469.798165674581
23,2106,-124.9762938846909,5323.378513220396
23,2169,-121.83682837663528,4940.571344332125
23,2190,-117.11720922210294,4865.421145278031
23,2225,-110.55660980760071,4732.809301876111
23,2288,-108.47311794081435,4700.527765007628
23,2310,-111.49536873390416,4724.692634993139
23,2409,-119.57626148521942,4624.580154805051
23,2442,-122.41962317614227,4647.262895766953
23,2454,-123.33579727976954,4643.323215937422
23,2498,-121.26760607325974,4985.417842544137
23,2526,-122.73190375908877,5194.917517733772
23,2726,-123.11672139087231,5869.874375328163
23,2775,-122.86414548917816,6135.847225562787
23,2834,-122.14757920149128,6764.002776866324
23,2862,-117.50222299164348,7170.441542593187
18,1490,-35.81394909926117,3368.454378399669
18,1510,-36.498545461402806,3199.2372182745908
18,1512,-36.68197670473156,3185.4583758397434
18,1589,-51.74213969365926,2609.0757872353515
18,1605,-51.30958859200807,2535.8682149568695
18,1644,-49.82181682812096,2509.297453572057
18,1707,-30.488790321059273,2393.6558398039224
18,1721,-25.16291332581737,2359.0078060554374
18,1748,-19.766691647178554,2278.8343274829185
18,1770,-16.668972894707604,2208.4227705335657
18,1826,-15.006548226587936,2282.2237617780315
18,1853,-13.21910146387562,2307.191505230956
18,1883,-13.441710002683315,2311.5120535181286
18,1924,-7.370707837318359,2290.670138290328
18,1980,6.750689838062069,2273.600297952353
18,2043,15.891573481872964,2220.037271193289
18,2099,8.79061004640294,2118.723467281653
18,2106,7.6081946009550805,2087.3214662505225
18,2112,5.941216624301041,2096.6380820021272
18,2162,-6.032262647806174,2123.757258824278
18,2169,-7.2589133730494755,2119.330114850484
18,2190,-5.425154372720178,2158.1857504947993
18,2225,-7.667682646618492,2142.758303938273
18,2288,-8.971139772561472,2131.644347445077
18,2310,-8.554420947230378,2129.489965561395
18,2351,-5.9555184984646425,2061.8224196792125
18,2379,-3.1765590692322996,1949.6269071100198
18,2442,-4.63160257612868,1916.4151583057187
18,2449,-5.268198604955513,1971.3905999091962
18,2498,-7.26260542184169,2256.973882107947
18,2512,-9.041029749989285,2352.064814257079
18,2526,-11.998666533718032,2457.8007243002485
18,2596,-15.43869263790879,2990.7369942708456
18,2611,-18.962663819346908,3074.610845278776
18,2722,-49.433366434365546,3766.5421363031737
18,2775,-55.9798200891712,3996.8357527446055
18,2813,-59.14661714485136,4217.477427522764
18,2834,-60.26771084010595,4376.103610516517
18,2862,-56.482597582858375,4921.122174432078
21,1490,108.17466817551005,8620.897610464624
21,1589,113.54662123893884,6797.953359752495
21,1605,112.61760052188147,6564.716738443392
21,1826,117.08997227521405,4973.6534255198385
21,1853,115.07427805601479,4669.515111763008
21,1883,113.22541185944297,4383.094600381037
21,1924,111.85771141581449,4214.854441107859
21,2036,120.53818140329936,3746.6743064288717
21,2043,121.46682780094484,3696.774465987713
21,2106,130.88869549817136,3374.955264671957
21,2112,133.5816586535981,3367.4643267562706
21,2169,158.0208096660107,3373.1176124506364
21,2190,164.7782002370991,3322.4617591017586
21,2225,174.14949842534452,3192.263075226695
21,2247,178.34303083355084,3131.3514929444727
21,2288,187.18058729403788,3174.8982662475446
21,2310,194.1569645470185,3204.7796880248907
21,2351,203.36871125329233,3241.3448183844803
21,2379,205.69475987690294,3270.980447062878
21,2409,209.68873895416615,3256.728480314278
21,2442,210.6056559620852,3301.478915100955
21,2498,216.6094013316471,3572.833727179162
21,2512,216.53984870795838,3632.8440074698046
21,2565,211.5833304379369,3878.3053440499693
21,2611,211.01023049526475,4082.444859307386
21,2722,229.68731752015142,4952.17439344524
21,2834,233.1561274524646,5764.368765802588
21,2862,235.58690335975618,6202.366007765279
6,1490,518.6435970663407,6494.793658344669
6,1510,521.9712979735147,6115.209167215035
6,1512,522.2764417870417,6090.186859183936
6,1605,526.7485005302079,5212.640591129383
6,1644,520.7404121603511,5231.066968577545
6,1770,511.10328008822665,4943.805625413931
6,1826,512.5932254732015,4864.114565851832
6,1883,510.7470278727209,4689.598733420939
6,1924,506.9565484854135,4756.30120304419
6,1980,501.5939817185224,4679.360880339593
6,2043,496.22677976529576,4702.379515628068
6,2106,498.9163421929479,4515.519058566526
6,2112,499.8853594670142,4491.007949786765
6,2169,510.51689314005864,4386.449968798702
6,2183,513.3611473118768,4381.538705703649
6,2190,514.1806775625314,4397.677488060214
6,2225,516.5906913800695,4495.67493380066
6,2247,517.1135799159978,4555.431142145155
6,2310,516.1556834564815,5024.212199460968
6,2351,514.2314770931688,5272.279400594421
6,2379,511.55007750379855,5460.015642028417
6,2409,512.6018621605722,5637.290145911585
6,2442,508.12772214589006,6036.19474007103
6,2512,515.1987875546741,6968.031923731513
6,2611,519.9963570033779,8374.0713424334
27,1490,-4.116400688708315,4486.429578127092
27,1510,-2.6463462242648403,4146.673324453771
27,1512,-2.187412312986395,4124.476732193319
27,1589,10.917668390014166,3298.1312171951954
27,1601,11.419539321737531,3164.9236475747466
27,1605,11.833592566874517,3124.5791408825535
27,1644,33.51465536412462,2952.9258019354206
27,1707,67.26240485567175,2738.9277166857973
27,1721,72.36904302507438,2744.0810939327494
27,1748,80.00026872181833,2770.404363818408
27,1770,88.56075421164924,2804.923832275143
27,1826,116.09336690113837,2901.3079493372443
27,1853,127.19377633185243,2879.64751540287
27,1883,139.57564674452266,2845.1710484016535
27,1916,153.3997970635023,2891.052061185874
27,1924,156.8178197630531,2917.076580093172
27,1980,174.7815997180006,3068.0892982384744
27,2043,192.33449874033786,2923.1048740298834
27,2099,213.966078731968,2824.508153578211
27,2106,216.11292156833073,2810.8966262083727
27,2112,218.52157969286924,2805.6162644498904
27,2162,245.2203846818625,2767.880338077035
27,2169,248.55382086728295,2760.409470430523
27,2190,258.6919013602619,2757.083923441924
27,2225,272.6380768244758,2705.5060459621395
27,2241,278.58242060836454,2698.9973301854534
27,2247,281.00041504311383,2702.275918623189
27,2288,292.3836963190744,2844.4944585766193
27,2310,294.3498515478987,2935.405017416565
27,2351,298.1787857908699,3057.3959975882053
27,2379,300.9509281001084,3143.94869834505
27,2389,301.7410796278261,3162.365633020685
27,2409,304.26315470243156,3232.3830844130825
27,2442,303.9473471837315,3422.9670010569403
27,2449,304.4913300264932,3464.6764733778305
27,2512,309.7332079954015,3871.874880188414
27,2565,313.6862007138494,4216.0513062502605
27,2722,332.66534679938655,5026.52910941978
27,2726,333.35939086979477,5052.696383660883
27,2728,333.7367371783288,5076.380631617721
27,2834,328.86699539312497,6797.307121789946
27,2862,330.80515009625935,7247.5453681443505
15,1490,151.64570299069194,3827.0676734061954
15,1510,146.73414783365928,3572.9307527010606
15,1512,146.09696203027963,3554.0887673834486
15,1589,124.08306844671029,2851.2194692725493
15,1605,120.63470796326997,2760.260113041445
15,1644,115.16180966420274,2714.360642130277
15,1707,106.6173265463608,2516.728866220722
15,1721,107.0902676334599,2515.6110006277686
15,1748,108.32325695525942,2528.6678722020406
15,1770,105.22663722725854,2545.947787270222
15,1826,90.66438726458547,2636.117577845854
15,1883,85.53707940707899,2634.1932453237096
15,1924,77.49826770596444,2620.086700596751
15,1980,69.94523877210699,2445.2560011901364
15,2043,71.21181138771404,2119.650245929826
15,2099,72.39120656301999,2032.29628378897
15,2106,72.57781423721764,2006.6218306451244
15,2112,73.88197937470346,2010.9812322393132
15,2169,74.73399543459746,1922.323477616447
15,2190,73.16224272972097,1886.302765971622
15,2225,68.8873476772429,1712.156225793368
15,2247,77.30788342342093,1793.6041434996862
15,2288,92.15103863309938,1899.209931700251
15,2310,89.09603710043359,2039.7745200248703
15,2351,78.45833285653319,2193.3225520942087
15,2379,65.59519616796324,2243.5927752286743
15,2442,71.26205800679561,2603.2581117403665
15,2498,68.95295291741591,3017.800747039332
15,2512,70.19084537601073,3103.7704201766405
15,2526,71.73930147925759,3207.709010622795
15,2596,83.66934102717354,3749.094748623653
15,2611,89.01260302551954,3857.3138359763607
15,2722,120.18523159151603,4902.99235552462
15,2813,138.27012393868714,5904.948842907414
15,2834,142.49468838282067,6226.24572701834
15,2862,147.19181878934387,6686.176082753372
20,1490,110.31061834122735,4993.470121197191
20,1510,111.37951509657414,4700.8172998707705
20,1512,111.42304153575601,4680.693262537699
20,1553,117.31617558366997,4398.386188058261
20,1601,124.64228767400648,4162.5766616658675
20,1605,125.17263402525364,4145.843476934042
20,1721,149.3243950616256,4285.804464177641
20,1770,155.9118336493985,4286.56609220118
20,1883,190.61226123988303,4157.318549383478
20,1916,199.36102076814188,4229.134287132285
20,2036,218.16142403311315,4544.928723771271
20,2106,232.23086531520477,4511.522891667056
20,2112,232.62734024669118,4512.978946518704
20,2190,225.1000762742809,4750.964180365084
20,2225,222.53501359777283,4765.421413466043
20,2310,211.23713612669016,4630.239870336156
20,2351,204.12832964201198,4652.414041375801
20,2379,199.39495760314264,4785.80435895652
20,2389,197.1454792505414,4840.345526219316
20,2442,194.93246497871513,5339.066270465622
20,2715,213.9702544263621,6090.529177534778
20,2722,214.47989977147438,6140.007614244412
20,2728,214.21433451144674,6239.031964536506
20,2834,207.32768391338362,8568.632552807392
7,1490,278.2949721586021,4565.795990361725
7,1510,283.26312462894805,4239.446346615089
7,1512,283.6369925264289,4215.058152869886
7,1553,288.01579309076254,3819.787740221735
7,1589,287.51468053634443,3487.399065802474
7,1605,286.1839278830074,3342.1543826597335
7,1609,285.427040351483,3333.2179415390556
7,1644,278.16358359943547,3271.943232739104
7,1707,262.31369959066217,3090.7135727266536
7,1721,259.01644136366303,3043.1861857639674
7,1748,261.18838070374886,2976.359859535559
7,1770,261.8046555076688,2941.052232613759
7,1826,251.2963829187261,2800.447659264288
7,1853,256.840663772407,2720.95536401244
7,1883,260.1791016663871,2641.2666078546567
7,1924,261.32691756343655,2586.7663607709806
7,1980,268.63847965557676,2521.049040680697
7,2043,282.7035770234554,2480.048304616229
7,2099,294.39215906549686,2253.9303168900715
7,2106,296.95696420376663,2213.9775068276113
7,2112,299.00800044479547,2226.6623302432413
7,2162,312.8091797414365,2281.1091879650903
7,2169,314.2502276253794,2282.789782102337
7,2183,316.77085016240545,2302.7168173543687
7,2225,319.3842357022,2308.755686614246
7,2241,320.2583814890121,2330.2028685131086
7,2247,319.967295922333,2340.9724780783
7,2288,317.0117250806499,2480.745541265374
7,2310,319.89263534419206,2506.475229344713
7,2351,328.6224191755758,2555.3918653705305
7,2379,333.5766387971892,2539.287714590357
7,2389,333.96298931045163,2541.843893739292
7,2409,333.21657269185965,2589.74414113532
7,2442,332.4361071883685,2672.0289640210412
7,2449,332.51388405957334,2719.988108269519
7,2498,341.6832211649008,3023.0757632371733
7,2565,355.1361947560288,3211.19183813243
7,2596,360.17372666824446,3271.6985712950445
7,2611,363.4221079980028,3307.0858463577983
7,2722,379.3897663887115,3723.858657591453
7,2728,379.09716760722984,3746.9064509824366
7,2775,381.388776966426,4034.2667257882363
7,2813,384.1837876521249,4401.706534179604
7,2834,383.43258942371,4661.250607233654
7,2862,385.002382476572,5176.52724632718
10,1490,57.92339142101437,7921.415259707927
10,1589,61.22990425849178,6536.937503365532
10,1707,61.4429951135716,5527.454885092722
10,1770,60.77133012830673,5003.3399690847755
10,1826,62.40302130971882,4766.249115966536
10,1883,59.80589561010506,4435.254162408135
10,1924,58.72110807740261,4412.001350196838
10,1980,50.05361097814815,4387.013489058426
10,2043,31.921951923198367,4318.25833105333
10,2106,17.130332545018753,4479.4765771896955
10,2169,-5.481717580351459,4837.3884726113765
10,2225,-22.29939951481165,5056.702010894105
10,2288,-36.28197746984467,5566.783595260218
10,2379,-46.03709658644343,6457.287354599474
10,2442,-46.88827868782723,7546.369278365798
14,1490,283.1910449144467,5173.930468761092
14,1510,286.17863282074995,4797.277158821634
14,1512,286.1023964842098,4772.163196759873
14,1589,286.7396724928194,3999.2461995940844
14,1605,284.95436609798213,3860.880478317237
14,1707,266.52311008853025,3543.359537491266
14,1748,258.27467762416234,3207.2842223234134
14,1770,259.0331204288788,3061.2808116402016
14,1853,254.2558090100643,2659.907401286626
14,1883,249.93037135981805,2425.221862886803
14,1924,237.54051396986208,2143.27995124057
14,1980,222.00070802218156,1754.2165837265825
14,2043,198.5228629924864,1552.8767705924793
14,2099,191.53683519369656,1359.593523832478
14,2106,189.83876420846894,1299.637468634281
14,2112,187.41545140219853,1322.870252770118
14,2162,176.39081755122035,1277.6846862816521
14,2169,174.72954573343432,1239.0608458590636
14,2183,174.61489425237116,1299.7744154150291
14,2190,174.67386184038716,1314.22794144645
14,2225,177.42181175780593,1238.7513367719323
14,2247,173.91994654549026,1317.1576648222624
14,2288,161.07489472186518,1278.9731458976553
14,2310,155.1350717563784,1406.4623060343065
14,2351,145.61518482918032,1452.811658897323
14,2379,135.53823516159147,1338.100925474653
14,2409,122.84788938129631,1426.2674764016488
14,2442,105.63482547496233,1360.2067972618695
14,2449,107.3430541950349,1426.0953076316082
14,2454,110.0430890934253,1475.1575473514565
14,2498,127.1587650666001,1882.3803569028382
14,2512,134.3187024095817,1984.6804601919528
14,2526,140.8596649892914,2090.7160151571666
14,2596,151.44619838695658,2581.4217513150943
14,2611,154.79458855198962,2626.6462839684855
14,2722,184.3585446426166,2577.6065512632263
14,2726,184.9675910702622,2565.2963263312936
14,2728,185.38934005828986,2565.6049411986205
14,2775,194.36029194777046,2552.2423037493772
14,2813,202.08455690993412,2474.5951001214153
14,2834,204.0654394185306,2438.285759519381
14,2862,202.241639758277,3024.5898743888533
9,1490,474.1472721039293,6269.493779670155
9,1510,474.30964402382415,5886.951700216116
9,1512,474.28371101601687,5862.351079994425
9,1589,474.8293557605712,5128.088538168489
9,1605,476.91550153184465,4957.235148533146
9,1609,476.98745648244966,4963.3058364778
9,1644,478.5854605412729,5120.794103888072
9,1707,475.38229857080506,5419.871306391375
9,1770,471.77149426033486,5518.6174736455505
9,1826,464.32569746935854,5856.650118634078
9,1883,460.1096934602202,6172.794342216473
9,2565,426.43240450826164,7661.225278188462
9,2722,410.5395087054996,7368.773928118743
9,2728,410.51878736080585,7395.801021631269
9,2775,408.9465118301451,7953.694615341785
9,2834,404.72869420291676,9219.207147420355
25,1490,-73.41677668685554,5521.785156393567
25,1510,-71.65092675908136,5191.494775938591
25,1512,-71.78798753967516,5172.987199484675
25,1552,-71.91770209874689,4886.197016019134
25,1605,-69.8949602028046,4450.768242379142
25,1748,-36.1960433605499,3717.466350401977
25,1770,-34.74024973022431,3598.948213539924
25,1826,-23.13980597192743,3537.5400997450583
25,1853,-18.959695395972165,3558.861671607202
25,1883,-16.11684576536877,3642.1422718662534
25,1924,-13.876258350219354,3766.806917203071
25,2043,-6.954472747997125,3730.0678124376745
25,2099,3.3243592885094704,3483.300475642092
25,2106,4.635294783244229,3448.157680324934
25,2112,6.218724124730242,3445.8472516905904
25,2169,17.662740260616278,3546.952794329521
25,2225,19.77171590444827,3564.336561238471
25,2288,11.922931448987649,3826.5124765462383
25,2310,14.295633988952254,3983.7026972935823
25,2379,19.01694558659042,4575.319802337905
25,2442,20.453089684884198,5250.135949479526
25,2449,20.715087196928273,5349.755222220015
25,2862,-7.127361079703944,11368.907777711736
8,1490,253.87599797649037,8204.507528077329
8,1553,257.0012712682488,7211.490440477343
8,1605,261.8950223933622,6879.356414129256
8,1826,218.33694529586333,8815.63727850595
8,2247,200.55897740726886,11600.12393011218
26,1490,-181.74348662611445,9529.03211666579
26,1510,-182.10232773678678,9235.627694319423
26,1512,-182.17401509145265,9219.352936497462
26,1644,-180.69620620641012,8437.739166632024
26,1707,-175.7359497407317,8208.529548112447
26,1721,-173.76112423200473,8209.892681853666
26,1748,-172.7460040327385,8277.925766620423
26,1770,-170.69792501858646,8398.500624084487
26,2106,-208.11478942893274,10846.406259072508
26,2112,-208.6247493017635,10879.44530265069
26,2190,-217.7709222096146,11973.286248121585
26,2225,-220.5646148067188,12564.413124181054
13,1490,161.24564921644762,6638.177590436125
13,1605,170.4916118507574,4466.33297950576
13,1609,171.108746412657,4413.604015890104
13,1644,175.7372597317128,4006.7282320118647
13,1707,174.8720719709664,3456.4541826527266
13,1721,174.1736421937051,3395.2198964630825
13,1748,174.40384500900728,3334.627333442988
13,1770,171.68492380973586,3292.6613302111323
13,1826,179.88790829479572,3268.284210382581
13,1853,181.37443456620687,3184.6896756236574
13,1883,184.08841876980753,3143.3887102430795
13,1924,187.45604179360438,3201.9976652464215
13,1980,189.5722799974578,3301.524806213588
13,2043,198.73489552401318,3124.1961839519745
13,2099,208.17184473958366,3107.044261328091
13,2106,209.75186131234238,3106.5234328478373
13,2112,209.99238602237793,3121.168324192859
13,2162,213.3343803733346,3268.2157322873145
13,2190,215.8888874232294,3356.386719111254
13,2225,215.89068664155485,3410.4863568415626
13,2241,215.76032996692533,3402.781926266489
13,2247,215.7591578909672,3412.103455835304
13,2310,208.2670307874304,3732.171254308301
13,2351,196.76202036061707,4015.7578939634113
13,2442,179.7175499540335,4658.408533729865
13,2512,162.9885972004364,4914.432501794489
13,2722,132.19489627592796,5293.70080991674
13,2775,122.45794073001105,5428.173887821201
13,2813,115.29513108672124,5765.740586666123
13,2834,114.11018895383974,6066.576214314968
13,2862,111.05112415771305,6511.321483790879
12,1490,353.62858122030315,20110.007415090586
12,1510,355.1724579282477,19863.413878044248
12,2190,339.9926870429337,18950.05692783255
12,2225,335.66146420009665,19068.009253683005
12,2310,329.11942501829293,20502.793420466816
19,1490,210.75805102086082,6449.189744311181
19,1510,211.97597420743426,6043.806711016918
19,1512,212.6299894687784,6015.443910905202
19,1605,247.2168086840796,5106.919363303467
19,1707,299.4093483986343,4967.551098870467
19,1924,416.9679118733315,4587.046696026284
19,1980,447.9682216733284,4285.280034728888
19,2036,474.1348311404141,4210.387207297717
19,2106,503.8213037043422,3916.5646793668834
19,2169,523.704622534065,4122.017982799814
19,2190,526.4631082086763,4241.748581144533
19,2225,529.614442223336,4433.970813184876
19,2247,531.5156765762044,4516.078451846799
19,2310,543.9900914853517,5014.569902424172
19,2352,550.8275622549919,5297.509473680449
19,2379,554.2131632762107,5484.212089140854
19,2389,555.2560703228627,5554.997959558193
19,2409,558.4636918189096,5765.894699432329
19,2442,564.4170622243586,6291.167690323529
19,2470,566.6834120041334,6860.940014011175
19,2498,568.6724193743564,7439.726506737598
19,2834,589.797726057256,13881.151614190776
17,1510,189.93458750466402,6620.983766714342
17,1512,189.82365032477466,6592.52096686577
17,1553,191.48929500835152,6183.5566631168185
17,1589,198.19561879476763,5943.408949176901
17,1605,200.70307985714123,5842.434151947596
17,1644,208.38985113425892,5922.730500382497
17,1883,241.8886701854532,5450.690454164256
17,1924,240.75907272449368,5509.966533990457
17,1980,237.76361472082073,5513.330444874037
17,2036,233.19451792124855,5420.166685133388
17,2043,232.81119683106155,5405.605177462404
17,2106,233.4877054272449,5393.728927129322
17,2169,231.26243672186834,5304.094263636235
17,2183,229.51244242514687,5340.9016400216315
17,2225,226.6649761825423,5473.594907346263
17,2310,219.15372324014186,5930.163380139664
17,2389,225.3792045436996,6408.281940186987
17,2722,263.29904915711444,7964.349470993341
17,2728,263.0159073702139,8012.002048069281
17,2834,282.42807183435434,9756.068876158988
30,1510,-39.98627241224584,8919.442786819898
30,1605,-27.42371845474973,7972.39657241888
30,1748,2.8994328780487413,8881.836225473628
30,2190,37.673390532210604,15056.951055356058
30,2310,40.28847051285756,16904.86859083677
32,1510,455.6106897633512,7304.068879978337
32,1605,466.77136563149026,5675.830091214084
32,1609,467.65044667098357,5640.350844519646
32,1644,471.5061791738738,5444.510818425497
32,1721,477.06624381485375,4913.212268886262
32,1748,480.87307119898594,4734.233559832952
32,1770,482.0604189239521,4633.882628160349
32,1853,485.15036163902147,4340.064011874586
32,1883,483.4892784912153,4232.311973023256
32,1980,467.81175063686254,4159.904230346383
32,2043,458.9734424082602,4035.0442736503082
32,2099,448.78361499751844,3764.156676412727
32,2112,449.13598705302246,3702.482383945849
32,2162,440.57169990628614,3580.3767309210416
32,2183,433.7892148860377,3560.8709314654416
32,2190,432.214760327193,3554.8126026928435
32,2225,430.52663158316847,3558.080566807068
32,2247,429.11440716541205,3580.0652047081826
32,2288,429.2171811661453,3768.276799333303
32,2310,430.66465309669553,3846.9225895922573
32,2351,428.71701540014595,4039.605600116399
32,2389,427.5777625856669,4232.7495006949
32,2512,399.35622661322503,4874.289607918594
32,2611,398.0010229181963,5437.830485005452
32,2722,389.71457183522665,6719.952678162396
32,2728,389.8592784713037,6824.964993966161
41,1510,-60.208037167807475,10486.043344780732
41,2099,-42.15313673001437,22755.650835296663
34,1510,253.4861428358538,7320.220427866606
34,1605,275.7473208863232,6007.352475006865
34,1723,290.85347090930975,5109.410335935856
34,1748,294.2714385100699,4963.19027243315
34,1770,298.7833096952349,4926.061822030802
34,1809,303.5131664958356,5021.5129775438145
34,1826,305.40642194605516,5140.703286797335
34,1924,314.7866261220594,5595.775683958029
34,1980,317.2607172578047,5738.09607594772
34,2106,320.7528689747071,5559.503466362032
34,2162,330.19662070924096,5459.399711346572
34,2247,358.89206770359965,5452.652173136994
34,2351,389.88641625809873,5925.786075550892
34,2379,395.7267441269373,6097.07534750146
34,2442,407.7815492529105,6412.320337505523
34,2498,413.5444861860353,6677.810373748938
34,2512,412.96416565610883,6794.990506082051
34,2834,391.9856907134286,10869.729936749309
37,1510,202.5944914743248,1035.0164520412804
37,1553,205.9629620271706,17183.32556680801
38,1510,215.81990408263397,10426.792502913386
38,1512,216.00790229914892,10421.929199014805
38,1770,217.47642449226748,11325.198025204982
38,2512,234.77186708140908,10535.886676632234
38,2611,227.92319024557472,10859.293641541653
35,1510,140.9137561537448,6210.201938833337
35,1605,146.55174562451919,4752.35869050767
35,1721,153.7487981287333,3947.4810197434135
35,1723,154.04613975680468,3935.384340283386
35,1748,155.91331493404178,3856.988746751727
35,1809,157.68190815554104,3737.6940906610744
35,1883,149.63894425856304,3605.652285007242
35,1924,143.7351790859501,3538.15367496246
35,1980,138.46966849164593,3283.6775194054394
35,2043,137.1217970687779,2894.254642153432
35,2099,140.13385261891952,2431.363237792429
35,2106,139.04066905291643,2372.9720479366765
35,2112,138.860230156965,2372.822961788904
35,2162,147.84475348055915,2343.85262872901
35,2169,149.15756247151126,2336.6130687000527
35,2190,153.2641582657984,2348.5157177191772
35,2225,157.76197826682318,2272.033180790125
35,2247,165.92014808946752,2283.0053234512966
35,2288,180.23531655936654,2324.188715506779
35,2310,186.99140081112023,2333.5477270482415
35,2351,200.8110004693239,2344.2569079329487
35,2379,211.63689665597138,2288.8877468323176
35,2409,224.57226063780587,2335.5283771355116
35,2442,238.4286555596385,2358.8542610479644
35,2454,240.42656337192327,2414.8819266055766
35,2498,242.76770812923306,2689.477629416381
35,2512,242.576213310788,2752.9484199350745
35,2526,242.4796277606143,2850.290686287689
35,2596,237.91489947325297,3121.3920580239974
35,2611,238.72557726003717,3189.5573625975994
35,2722,239.85727137362227,3698.9382460145634
35,2726,240.2538823041523,3718.465255200681
35,2813,227.7953422883399,4431.300109189678
35,2834,221.49263465392463,4644.653703832599
35,2862,220.70061461791795,5168.138834551062
36,1510,72.93707286331936,7584.315810156557
36,1552,70.54562803763753,7183.199206591348
36,1644,61.497711574661984,6294.373422669181
36,1723,51.84554411239678,5570.395069661688
36,1748,51.166836409819894,5395.941544389211
36,1809,42.87624945423973,5328.990016608103
36,2162,30.908790199563207,3889.0301695574217
36,2225,32.63111760907858,3185.686684746861
36,2247,35.40823516078031,3177.689462450777
36,2351,41.49537776890332,3148.3620714158924
36,2379,47.927773663285706,3070.7394935481416
36,2442,55.798223238721484,3055.4652598381417
36,2454,54.66892254788867,3075.514331522083
36,2498,47.97037377041294,3339.8094366858995
36,2526,43.47016242018935,3489.880357313173
36,2611,53.655828818344354,4149.062830585362
36,2722,75.72138555405637,5169.346888130266
36,2726,77.25712026082698,5216.698278565056
36,2834,122.805507794766,6833.090046864423
28,1510,-234.68753942704507,12183.769577838411
28,1748,-227.3412812984806,9794.75315592845
28,1770,-225.0515318310079,9648.701795319892
28,1826,-231.82005670763712,9810.440882273488
28,2043,-283.1395935657328,10080.60625837644
28,2064,-287.2822848555644,10099.687270883856
28,2112,-293.2817378457316,10362.37004101315
28,2190,-302.7121556522634,11467.29922837301
28,2351,-319.63870930889664,13706.380884758351
28,2352,-319.6429110747514,13730.713909830029
16,1510,276.27896028412067,6344.081986922585
16,1605,288.4876799089234,4600.201599255607
16,1707,308.80754862977665,3742.395744473987
16,1721,309.4981341404259,3680.2933728741555
16,1723,309.5089329134162,3675.7636479424878
16,1748,309.2371997360955,3606.896790456733
16,1770,306.6151517503549,3570.3495309371233
16,1883,298.0541300443741,3069.2002741407514
16,1916,304.1820989485331,2888.435686512194
16,1924,305.40579617196806,2855.5985117847663
16,1980,296.5282374899208,2889.4427395060998
16,2043,297.5348589069865,2849.197645514203
16,2099,299.5142145778525,2589.6006684495337
16,2106,299.1266355822868,2556.1049992395656
16,2112,299.809155467695,2586.1471874232957
16,2169,300.1379538503902,2895.8437725892936
16,2190,299.4195747253727,2942.8926200754686
16,2225,297.0707168593076,2948.0025297161314
16,2247,294.4017452903149,2999.752595089132
16,2288,289.2013390398905,3189.1822322586477
16,2310,290.45025417743796,3271.844651062084
16,2351,288.1954792668289,3440.4678245031937
16,2409,278.3295241745037,3638.6330778877314
16,2442,276.7986647996516,3757.2039650108477
16,2498,277.42179727951356,4399.369369177105
16,2834,295.4187700891023,5852.00950859786
16,2862,293.3402221235817,6303.1395192396485
22,1512,-61.2074812540754,10455.333509998607
22,1605,-57.03237113118592,9450.2651259952
22,2288,-117.9353658235792,7594.460147881767
22,2351,-112.73653626681548,7835.997355521184
22,2379,-109.81147327298059,7946.240764591455
44,1512,-199.3456321606196,38115.08664228119
43,1512,158.12454926934015,12662.81197118682
43,1770,143.3783133556399,11367.997488647157
43,1883,130.02712456445332,12093.797507460553
42,1512,579.6404845648509,10342.059174727327
42,1605,586.112642261079,8680.564957083589
42,1721,582.1142752383855,7103.337851474581
42,1770,584.5103699274655,6525.3536471553625
42,1883,572.4785263271212,5678.504249867371
42,2043,524.837696452657,4842.828051031115
42,2099,514.1605716948322,4312.572591654701
42,2106,512.4079912296736,4251.045767540873
42,2169,494.2944397523906,3976.328539525698
42,2190,496.0677196846149,3944.921956768802
42,2225,497.28906781658816,3873.3718926029255
42,2247,496.249958039964,3831.8448546923546
42,2288,486.27629529993175,3917.299620098894
42,2310,482.2523904578842,3961.974364017906
42,2351,471.90061159509645,4041.888216561862
42,2442,433.7955466219754,4210.573493100342
42,2498,447.71876831376653,4968.69888021797
42,2611,485.98713143845356,6292.447632734173
42,2834,506.826214088432,10539.152120470217
50,1589,111.72164441284599,7338.561319113838
50,1605,113.63248787341615,7072.1013704599345
50,1883,120.26208748213337,5402.513482267186
50,2106,117.95968373574954,3846.7255011849466
50,2162,120.61722964125464,3108.8866994448226
50,2169,120.08675949079482,3027.3481684946187
50,2225,126.032512817955,2702.9164919878576
50,2247,124.47842657924444,2618.8259908047708
50,2288,122.21872749344787,2483.682061316088
50,2310,121.80979114274226,2392.261431981938
50,2351,121.12477468655125,2218.117461683095
50,2352,121.09025109907128,2213.4379700452932
50,2379,124.40182323436984,2118.847739856451
50,2389,123.4998077120717,2087.3819837726287
50,2409,122.71704420323309,2040.9224038375157
50,2442,118.30325362569974,1928.1227843327326
50,2454,118.60489186604242,1979.3322858595448
50,2470,119.1767750621943,2086.555332584226
50,2498,120.23821104774737,2257.7712911572844
50,2512,123.26933673260835,2332.5885579638325
50,2526,126.35483569302289,2431.6765274022405
50,2565,129.95112607399184,2663.156285149038
50,2596,137.9540139474337,2843.1754432992575
50,2611,140.92718798469076,2921.951636065628
50,2722,137.37538549229296,3535.285532386289
50,2726,137.18009874298028,3555.023846578798
50,2775,128.1491984447262,3947.3160296519095
50,2813,123.00166263773686,4339.646851648653
50,2834,121.88869304961823,4624.962444478132
50,2862,120.71220240080136,5126.596205563995
48,1601,368.2061477855055,6923.864792348993
48,1605,368.491764899702,6843.780354220461
48,1770,368.3852839228433,5883.617525261402
48,1883,364.2820321826824,5230.2482652225135
48,1916,363.2972860910528,5227.036656826005
48,1924,361.95485341916145,5262.713746621117
48,2169,313.7688510816089,4951.982322901483
48,2183,311.1296709766999,4887.8648243303105
48,2247,295.6732072137338,4652.40256864493
48,2351,269.38687189605764,4578.706640762647
48,2389,265.4216546079711,4564.238937974437
48,2409,264.8044046309516,4655.581835997805
48,2512,273.9019550946324,5537.489713347867
48,2722,288.8088714228885,7785.92880172221
48,2775,287.82169954414877,8549.18078269461
55,1605,-39.14584673937539,14239.860039263333
51,1605,191.36756569060464,14359.081651815517
45,1605,294.5020588666328,8265.297283623937
45,1853,288.6520117240284,7792.32146441955
45,2162,293.74658170887375,5841.854650977229
45,2169,293.3674563790554,5804.7976595065675
45,2190,296.0259485730616,5771.837195658725
45,2225,305.1604500572987,5812.5837286500155
45,2247,311.6747298110494,5843.869571266375
45,2310,315.7436830902288,6505.7872406272145
45,2442,326.5940198450199,8004.394109843445
45,2512,337.2151963250836,8912.747951314741
49,1605,359.767290698577,7423.063701752391
49,1721,367.61882856438075,6066.0582699086535
49,1883,348.6528178403115,4090.945217587216
49,1980,329.31099600430366,2956.1435703050297
49,2043,325.6052395769002,2727.1677760111934
49,2099,323.7896655103012,2450.5551860520045
49,2106,323.28862718484174,2406.8998293748896
49,2169,330.2462999782768,2634.4117932333133
49,2190,333.3288048788688,2646.890319038578
49,2225,336.5835655280806,2616.920423208806
49,2247,344.91158508841744,2652.488339072268
49,2288,345.98822334146655,2805.8907959812227
49,2310,347.461262885733,2861.9019093780876
49,2351,348.02157220230885,2966.16405669094
49,2379,346.71894739943605,3044.7953659028826
49,2409,346.5703947767766,3116.0981891355455
49,2442,348.44279619161404,3240.2940244012466
49,2449,350.21580783382177,3269.022087627077
49,2565,393.25685430035776,3580.5838319620952
49,2611,400.82882973971584,3613.7806841789175
49,2722,417.6530196722738,3771.542752480552
49,2775,419.3837207912664,3814.562356791393
49,2813,413.48394079015,3908.2470132960034
49,2834,414.6005328343138,3973.4799245131385
49,2862,419.1836306116292,4526.414992792231
53,1605,228.29851699896,6795.187899304323
53,1853,271.7031854897235,4048.9971879681475
53,1924,291.4522399832537,3068.7491738195527
53,1980,311.6916334120624,2565.417436024778
53,2043,330.02304355106384,2182.696317236215
53,2106,342.9695265152772,1820.1556821020429
53,2169,337.76117673778674,1933.5480707060196
53,2190,329.60757870666714,2051.2873713646086
53,2225,320.14123478910375,2120.5783290314203
53,2247,317.7103128806457,2217.310019564224
53,2288,319.8217553795965,2354.504477504099
53,2310,321.7723891899156,2429.1540349074967
53,2351,325.236692166472,2500.1949141776727
53,2352,325.2286207220952,2501.504637803436
53,2379,329.8782326658188,2552.049731930197
53,2409,329.6913915999735,2691.0354555553618
53,2442,335.824766417367,2858.9595898268803
53,2470,335.0378040611287,3276.4654665575854
53,2596,327.1563826552778,4679.937819567007
53,2775,305.03672095489327,5399.960632742438
53,2834,299.6809284807949,5730.621844436097
53,2862,297.20037651528725,6215.362172472897
47,1605,274.0283245193431,6673.77461449282
47,2106,263.35653844669747,24090.350987715516
52,1605,-18.256710569775034,10173.465258795437
52,2190,-65.68205445259142,7893.513582114955
52,2225,-67.65875777956947,7505.979129020712
52,2288,-69.87061519746587,6811.247994074915
52,2310,-69.39496161165758,6613.357759878534
52,2409,-57.39096420788706,6063.073381534251
52,2442,-57.917346004984616,6016.671604311587
52,2565,-87.56895595930385,6654.696551035733
52,2775,-122.58135499731891,8044.462389447511
52,2834,-121.21768136268216,8819.001527045904
52,2862,-121.7499875856808,9240.913189759844
46,1605,277.14931353484354,10105.516214696996
46,1883,325.303817513285,7166.256877196581
46,2106,339.30002729933153,5536.792946059158
46,2169,356.07192288227066,5243.636306230782
46,2183,359.97430166083467,5208.607150070199
46,2190,362.5207115755509,5201.388332999801
46,2225,376.7555872074439,5184.617508782006
46,2247,386.9003462695216,5194.954096199598
46,2310,404.88544703961014,5702.676150308072
46,2379,418.8738947811413,6290.444022710234
46,2409,424.26596090680914,6520.962974121539
46,2722,456.94941532935206,10068.696618461332
46,2728,456.9398482257684,10155.773343585166
54,1605,241.20566479700514,11060.401734868345
54,1721,258.43009603913276,9544.635614891702
54,1883,294.924805845307,8517.109109719138
54,2112,367.72013698697003,9631.005523922415
54,2190,384.65956752756415,10343.294323594744
54,2310,405.7076000726446,11638.944157422726
24,1609,-142.77942482282515,15241.838212965115
24,1748,-147.41657221252265,13588.077090252335
24,1770,-150.0597675264878,13623.71258174926
24,2512,-168.72236107624744,18943.80211374821
11,1609,208.25662741638652,16363.587698556752
11,1723,223.6517983963858,15991.247388815875
11,1980,246.03944497230097,19698.072298988776
11,2442,255.81342242771356,28939.203154307615
56,1609,-103.91817604551167,42699.22555170224
57,1644,-214.2099451610705,13764.327354331925
57,1721,-219.75386306631728,12495.75054862319
57,1770,-219.86988190195882,12054.78619498301
57,1826,-218.21617113667503,11676.276326233175
57,1883,-224.39376235107756,11256.85196798211
57,2043,-242.0726284602601,11938.86203109731
57,2099,-247.47217995122887,12125.358768661106
57,2112,-248.03322361735147,12242.592552176919
57,2512,-261.31380050376094,14620.198792937636
57,2715,-250.2420945479141,17025.884525555626
57,2813,-243.23272979252232,18282.888270784366
58,1707,0.7085963401168219,11264.644208267751
58,1721,1.3424648002071091,11112.12261318798
58,1924,43.79208283422978,11514.410078123752
58,2036,63.13560179447044,11666.016050101587
58,2043,63.64820162146366,11693.362542691859
58,2190,82.88616195922076,13230.022606421651
58,2225,83.34364385835842,13646.600881248796
58,2310,77.73798988682206,15268.228186281574
68,1721,196.2667549444695,24523.290145363313
69,1721,91.86086439348391,24421.57564180983
71,1721,-21.37762590552836,13745.684534169039
71,1748,-24.541705798420747,13846.3992090037
71,1770,-27.923805137784203,14143.151528185403
70,1721,49.60686869611596,23541.004944350574
67,1721,344.51983510428613,11110.202776836728
67,1748,346.73283022862944,10856.533087683765
67,2247,424.22416559726423,8921.868399029096
67,2351,428.8991562391857,9141.91081722878
67,2409,429.3764651635605,9738.867720966125
67,2442,425.1462799095217,10509.510695076218
63,1723,-369.44573117902786,2050.1059366847576
63,1809,-378.84756517633684,19513.894208733822
60,1723,-109.5928841342624,8235.031160581742
60,1748,-106.95977083992724,7976.144244114109
60,1809,-96.75607465097349,7746.134644418579
60,2112,-93.78174645610937,7854.861451503031
60,2351,-109.64540638910039,7294.755738751983
60,2454,-115.09755958002445,7260.822177924429
60,2512,-116.02681214641555,7734.911509957719
60,2726,-120.08823240212475,10928.677277241331
62,1723,-8.758088585443327,25870.545470382745
64,1723,-168.2470656571579,9036.800386602827
64,1748,-173.88629882746113,8785.520976615682
64,1770,-177.05475401687795,8743.520749090154
64,1809,-181.15742425021514,8889.260545770161
64,2454,-262.19129117146014,13071.14561115616
65,1723,-562.0069200699452,15831.871334257943
65,1748,-566.9509541371079,15482.695793625926
65,1809,-575.7552856006699,15078.128542183327
65,2190,-599.9179946776677,15319.016272511795
65,2225,-601.7550193814033,15258.138062182901
65,2247,-602.7466573307674,15235.549820508972
65,2454,-599.5931449255684,16578.15280321042
65,2726,-610.2673426340343,21490.07055598648
66,1723,-533.8925388014874,51113.262649247146
61,1723,-56.49402833448702,8482.594631086145
61,1748,-57.3592218060451,8203.382109316712
61,1809,-57.36547409061164,7911.015350259934
61,2190,-55.98811505974168,6879.333782777934
61,2225,-54.133249403171796,6594.897876845773
61,2310,-61.9423327864451,6032.856332677525
61,2454,-69.70425559863051,5866.193113248002
61,2526,-78.79214421847962,6259.689664960598
61,2722,-93.13750392518814,6560.204736725876
61,2726,-93.55508507217505,6586.202403051589
61,2834,-96.63442697410305,8065.81272785602
59,1723,80.57163038890965,28173.96972950059
77,1748,-89.55352601433502,10011.915019470447
77,2112,-27.922790597124404,6127.440101569594
77,2190,-5.9683818274381615,5244.4859510589895
77,2225,1.5952708837799148,4835.070223483913
77,2247,5.502264946313688,4583.474119675931
77,2310,24.673143121426964,4308.368894781014
77,2323,28.40566407273858,4303.584981403972
77,2351,34.19858886082366,4398.140531723587
77,2414,48.5055904864412,4754.270822565428
77,2442,51.23105660424332,4941.33104613449
77,2449,51.229350168278025,4993.399655124756
77,2512,46.864322758866784,5755.270190316462
77,2611,42.732128713467986,6859.916205332625
77,2834,79.34900735134087,10996.304558302447
78,1748,-142.33056811647896,12695.837249950271
78,1916,-126.10154566421008,11994.388530815095
78,2112,-137.66788083079035,12721.109038541419
78,2805,-152.57501476009452,21273.664615465525
82,1748,-111.86108952500003,11039.818134074367
82,2512,-146.4503778118593,21475.84006945364
81,1748,-19.89538993798299,10501.141751844523
81,2512,-32.51194819627867,24733.50677274281
73,1748,-85.97559992994532,14241.2623039152
73,2043,-97.60536042678002,11713.80603319552
73,2064,-101.44031446467957,11868.395851101655
79,1748,249.72358161710514,6980.680871393243
79,1809,244.85334511273334,6076.419916332694
79,1924,228.40929612272188,4961.4157276853375
79,2043,213.47990416375944,3978.7680619112125
79,2099,196.13977848379247,3631.906572065242
79,2106,195.59551343186558,3604.8083445108023
79,2225,229.97684780900724,3636.1705314820724
79,2288,236.27537726355,3343.841602842253
79,2310,238.13253696757405,3245.2656826348557
79,2351,243.31503795778622,3045.680938878584
79,2379,243.24939136794833,2927.7571792028784
79,2389,245.12774301372684,2923.191984446785
79,2409,245.46682568891188,2971.309404175141
79,2442,241.62685795234756,3109.0878669849403
79,2565,254.33274821088187,4353.398999262405
79,2596,258.95418438828233,4700.073736689484
79,2775,287.05785787491936,7597.374532249036
74,1748,-318.35582316378304,7809.52612638028
74,2112,-358.85905261278026,29040.897348147268
72,1748,43.32061325463869,27180.289893792422
83,1748,-311.05510212265835,38240.43868742131
75,1748,19.68133351972614,6822.698874005891
75,2112,40.072702456072,23562.622156662394
76,1748,22.175660110797963,11602.75166972745
76,2112,47.36653399855506,10383.896754638048
76,2351,64.18959532206338,9891.834380723694
76,2512,67.11443366516129,10752.13206335421
76,2722,76.65919127897745,12679.711704558622
85,1770,-3.5917450674489895,5467.003117043807
85,1826,-2.200225010728094,4532.232110459397
85,1853,-0.27044631155127524,4154.676801274945
85,1883,8.642031741245265,3870.8232194204897
85,1916,24.885626356196045,3712.9511220178942
85,1924,30.8197004407613,3704.1273239202897
85,1980,75.5560426577737,3599.131766882836
85,2043,108.19836431599231,3374.22005360024
85,2064,116.52040333978736,3237.8299340092312
85,2078,118.81602265004283,3202.428786157441
85,2106,120.6188549619611,3135.110462165814
85,2112,120.30619051167756,3115.5705446158936
85,2162,125.50288470863246,3007.568210660584
85,2190,128.12662627233354,2946.8421317970688
85,2225,132.1381462399489,2838.996362033147
85,2241,133.93281803810774,2794.89047712195
85,2247,135.15019288359449,2787.105850196193
85,2310,155.67922657391608,2802.2447224522625
85,2351,165.52634352639703,2736.8695289602883
85,2379,169.88992839660324,2693.37161935364
85,2389,170.94527084904675,2683.8456103555045
85,2409,170.97419916777218,2695.6478970743296
85,2442,166.17121885633165,2744.175619256493
85,2454,165.87454478684455,2795.794252317385
85,2512,161.07229513383288,3212.149216464007
85,2565,157.2031632794961,3525.233624904558
85,2611,149.20331683204125,3823.4792088109584
85,2722,133.25989106913195,4935.993398578024
85,2813,115.42728439905008,5932.121835422894
85,2834,111.13089253707629,6257.026863405053
85,2862,106.48684118934807,6727.99934727346
87,1770,-307.95666313026425,9658.941615939013
87,1809,-311.9796641206159,9257.880117875791
87,2064,-336.0529721012934,8816.395624749952
87,2078,-336.64889578681675,8915.49874394736
87,2454,-396.8374019627581,10178.46405506991
87,2512,-400.41951248093795,10921.028980844088
87,2726,-402.65575568017107,14428.72736342774
86,1770,-238.96072216373005,9589.219615701562
86,2323,-203.59517576556942,27513.84728453096
84,1770,-26.650296264336035,28216.14436900753
88,1809,20.489831551208788,9471.274225238487
88,2454,123.13621902981963,18569.182100633516
89,1826,206.83604265530138,10106.995153430587
89,1853,205.18336947719595,10021.51602481174
89,2225,108.0828643547972,10187.800112196814
89,2288,98.72056157239481,10573.126512254481
91,1853,281.7740805548901,13490.323336475925
91,2379,302.10822753431285,10284.257349759291
91,2409,301.48265520228307,10646.75584900623
90,1853,-435.11741876718213,37161.124352893705
90,2106,-455.99673425829326,36522.983900583255
90,2409,-478.9540963765165,35884.31079169741
90,2414,-479.18138128279236,35924.27013521136
90,2442,-479.8999220518286,36350.81392657639
96,1853,118.86572293711978,6380.53845144902
96,1916,122.15595948234207,5411.028121804782
96,1924,123.38136786831791,5342.36097018631
96,2036,132.10572412891517,4564.571061600533
96,2043,132.7653598396396,4497.482392714839
96,2106,140.58795910216742,3836.776970676329
96,2169,145.57303518356164,3701.21296205508
96,2190,144.5065602255166,3641.478407569984
96,2225,146.15766227101972,3547.017626157029
96,2247,149.3117187501774,3488.557258739686
96,2288,153.6690314187592,3492.3041280720836
96,2310,153.77912804991345,3483.6825237036687
96,2379,156.62257476144785,3393.759833544678
96,2389,154.41975533437582,3409.5077454152165
96,2409,152.10209155706704,3522.059491409589
96,2565,144.38590526974446,4094.04673558153
96,2596,142.0580793500873,4177.79211177817
96,2611,140.38276964948477,4212.478036002934
96,2715,130.18353834825072,4838.32906997162
96,2775,133.8438636049813,5472.219068883455
96,2862,139.08854331322792,6845.317482804755
92,1853,-178.48434273523046,31497.624556210383
94,1853,7.171600285506422,10213.046975990084
94,2043,0.35765149345908875,8512.038285653007
94,2064,5.741426194779707,8558.792408531674
94,2078,9.242896906637526,8679.176914378686
94,2106,13.46809808455673,8989.164338472694
94,2323,22.73892981716026,11330.709357187337
94,2409,20.03496069753669,12358.14217873977
95,1853,-301.9170455566812,36823.48208977192
93,1853,-85.07765549798167,4071.7733659557593
93,1883,-83.1423200955302,3550.6339343979057
93,1916,-73.0860897765982,3107.6063414314253
93,1924,-69.33999284332292,3017.8017767208926
93,1980,-35.4338689104194,2447.032523867663
93,2043,-8.764414738227028,1765.1161425143805
93,2064,-8.153668856600406,1686.4465728170032
93,2078,-8.24152560947022,1765.9767346246144
93,2106,-8.096565885236464,1932.268707858095
93,2133,-13.943037895950207,2405.537490186313
93,2310,-40.6677252437425,6212.8132114555765
97,1883,176.206891710476,6285.713919296679
97,1916,180.7899593519115,5938.161075772346
97,1924,181.16480488777216,5920.631018579041
97,1980,186.13201059300468,6165.922954615385
97,2247,233.48897603498878,6311.998328809079
97,2379,243.5298607555323,6655.721458717586
97,2498,246.92975001795563,6558.039312729319
97,2512,248.99162415192998,6525.164702141653
97,2611,264.10775632783873,6945.675887435129
97,2722,267.85245906660526,8564.429572363526
98,1883,-28.790014685128344,13615.958509643837
98,2112,-29.627174815274092,13671.520847137448
98,2722,40.689719591936026,16257.47281630237
98,2834,37.597725821061694,18556.81500294023
99,1916,113.0270094751872,8230.516228626488
99,2106,122.46369454247753,6226.800185235462
99,2190,128.1424588612479,5615.409904148152
99,2225,130.96402934763657,5287.138750077309
99,2247,135.93842707417528,5141.585238411102
99,2310,145.82980921885343,5283.232866185968
99,2409,159.06616790780592,6012.833177989568
99,2715,183.8943272808542,7667.886087387371
99,2722,183.3562731367515,7764.990602860189
100,1924,197.1445150161708,7419.159009454253
100,2106,206.74897293742538,4234.475733374171
100,2190,205.17092190086314,4341.564107302693
100,2225,206.92543924616555,4333.015735235457
100,2288,209.34831561585662,4454.763913636287
100,2310,209.5194839732742,4595.676884567271
100,2379,209.72174645814061,5205.139703285657
100,2409,212.33256105787126,5452.348114929646
100,2442,217.9041773006305,5942.808174487888
100,2715,240.78031288075726,9404.60049810333
101,1924,-66.99346988461058,46064.61299617494
104,1980,-25.392720366613656,24279.494677476177
103,1980,72.45955541910139,3715.263378019686
103,2043,63.05041699606882,3076.043804005789
103,2064,60.40143029135335,2846.1301052143704
103,2078,58.11947558301029,2718.977996141479
103,2106,50.72378832965608,2461.525727295874
103,2133,37.67743891294444,2514.7741953451814
103,2169,31.818701438094987,2741.2652411294157
103,2190,28.409423521321354,2855.9471575322236
103,2225,21.296913972989483,3015.7986776608445
103,2241,17.364331872707492,3086.122719011634
103,2288,4.524524751688189,3259.938899595769
103,2310,-2.322752667642016,3352.2984410918575
103,2323,-4.1524029657800865,3446.095480239339
103,2379,-6.581865921300927,3995.3547077498524
103,2409,-5.8102250660049215,4249.994650981518
103,2414,-4.870471293674829,4312.201859780658
103,2442,-2.1896720769472098,4683.413930414849
103,2498,-0.8882345572887325,5426.3957376598855
103,2565,4.13675169224809,6568.20600514785
105,1980,11.35224206714047,3596.7610880184293
105,2043,31.524956466993576,2591.121738284045
105,2064,37.3210637231358,2440.65932761238
105,2078,40.61491695155339,2351.6751158186094
105,2106,46.142921073787356,2191.4550809822326
105,2133,52.64233402958903,2169.617765134333
105,2169,53.66953369668769,2280.8743180475585
105,2190,51.30974899818324,2348.6040544975795
105,2225,52.482976267965384,2398.9199832139575
105,2241,50.03637317977143,2520.389667817994
105,2288,40.54026677264773,2812.192431275558
105,2310,40.2406084826627,2999.4144451303673
105,2323,39.81798868658384,3118.8283090700006
105,2379,32.49799985027045,3803.3599505030547
105,2409,29.94940236556265,4237.28350932615
105,2414,30.26300252851879,4337.000556900485
105,2442,30.674140948182348,4931.114295247778
107,2043,121.99093223219926,2936.8681440007367
107,2064,125.28950373748756,2627.463316639729
107,2078,132.70817421152572,2479.861462477282
107,2099,144.4495887149674,2317.099589498454
107,2106,146.64515710111084,2270.06957523203
107,2133,151.57984168530555,2209.943490183276
107,2169,147.2556631613291,2259.277011430854
107,2190,146.89677971943016,2361.484775742898
107,2225,144.41855945902873,2446.1164440179973
107,2247,143.6088454914557,2520.292071466789
107,2288,151.7680034390587,2702.31211665187
107,2310,152.58410248839027,2782.2029233160038
107,2323,151.5836888243319,2871.3533406796582
107,2351,149.84929717012432,3091.48699499797
107,2379,156.3669691087492,3327.9216335002607
107,2449,160.130221321169,3886.0954457480298
107,2565,137.25116954682068,4603.548619779752
107,2611,128.2924553330901,4865.384524037444
107,2722,108.586909530872,5944.293469788568
107,2775,101.849210137648,6734.03962566336
107,2834,99.22588937086076,8054.722484088985
106,2043,135.57143882378904,12019.004975756841
106,2190,126.23722821715619,9853.398853534323
106,2225,122.62973568658094,9390.190479250592
106,2247,122.35072921872698,9163.563758475115
106,2310,125.48215518436,9272.17732298632
106,2351,132.52489077189406,9693.049288842867
106,2379,137.64072483372763,10238.767580014854
106,2442,145.70927071277748,11700.738555167449
108,2043,-24.85182562168187,5985.123516312751
108,2064,-28.069694159440804,5705.6409436604135
108,2078,-30.663746585093982,5667.726638161878
108,2106,-34.64874021733985,5615.014071246418
108,2133,-41.210125362667796,5756.864136748031
108,2190,-52.893423647179574,6039.823210216774
108,2225,-60.2169104184089,6309.609359063155
108,2247,-62.97405661666636,6546.492361980315
108,2310,-69.491708710455,7788.464395196471
108,2323,-70.01808758241751,8078.779127226409
124,2064,-323.9375998996216,344.56241209993976
124,2078,-324.5153719367222,18924.244962341774
114,2064,11.723821664307913,3060.460117399138
114,2078,11.741178298070572,2823.239109556523
114,2106,12.48926406122975,2462.3494006499095
114,2133,22.944557300475196,2273.296264668046
114,2169,40.33410639850235,2128.4144497628126
114,2225,55.11596649544844,2007.2103654561402
114,2247,46.82615178405992,2067.3177841988436
114,2288,46.1998591493194,2191.701476315287
114,2310,39.73878090603883,2267.675594771826
114,2323,35.899291403641165,2328.687229915478
114,2351,26.503370872588402,2545.703877626048
114,2379,22.19238405288539,2769.12685489096
114,2414,21.811832703861285,3169.3820272732205
114,2442,23.454367654467703,3455.0925820267626
114,2498,8.241880539722906,4310.96093117774
114,2722,-36.69363584913164,6717.465811610825
114,2805,-33.280792399324625,7973.807821954745
113,2064,-103.50835079370161,11563.634867200077
113,2442,-95.22679717409318,7510.084121801263
113,2449,-94.31866421766497,7444.803051214505
113,2565,-79.84042063777005,7100.085005697193
113,2715,-72.61688623494813,7002.938600387673
113,2775,-72.7889814895473,6961.798618218091
113,2805,-71.12483101134293,7159.132423532662
113,2862,-72.37314662673664,8066.91946889264
115,2064,243.99644629892862,42622.70233127378
112,2064,213.94493142106825,6391.173267211653
112,2414,174.37406661926835,27307.62396988757
120,2064,-291.53734511127857,37985.72584670208
110,2064,169.29849859299077,6415.206496457185
110,2078,165.9318428730812,6413.728242506546
110,2225,150.04498565142006,5938.258842850447
110,2247,145.29783136130598,5877.248903594037
110,2310,130.37906530579474,6291.721149962262
110,2611,102.67519593984323,7198.139264485049
110,2715,90.78521799994317,8016.322205780898
110,2722,90.81350785476741,8112.545406082748
119,2064,-62.95417269441802,3890.613458630559
119,2078,-64.05420259951306,3674.0287938720794
119,2106,-67.68392683182735,3324.2597486728982
119,2133,-74.67846159995301,3146.4248537232775
119,2162,-78.62817464193927,3174.3291740256427
119,2169,-79.10485221414133,3191.08353665555
119,2225,-89.81301340076091,3602.4349831266454
119,2288,-86.99009585295816,4413.370631063993
119,2323,-83.38248390294092,4853.237322389154
119,2379,-89.7561999949034,6051.9514682075405
119,2414,-92.73828181958079,6836.615929235137
109,2064,108.13059813562987,19197.491069719657
111,2064,81.87437627291949,9268.954202169258
111,2078,82.88823916804954,9300.370352082584
111,2190,91.35971803775664,10398.08674435972
111,2225,95.89807655244178,10816.800271841586
111,2310,101.84260674564287,12109.304195785184
116,2064,-191.31404726333548,347.29773931952695
116,2078,-191.57697162006207,38681.1072755574
121,2064,-24.883364699696784,5637.002013259303
121,2078,-22.27187003461074,5479.772731697616
121,2112,-15.397533102144491,5369.870909841021
121,2133,-8.628865596097793,5371.736897252946
121,2414,-11.973099412050015,5954.132484977349
121,2611,-57.170845232136024,5635.482213200642
121,2715,-68.33422580491431,5514.35029816473
121,2722,-68.37909658268126,5509.897725361444
121,2805,-49.062510868127966,5880.156772971613
121,2834,-42.272469752481996,6112.967386734496
121,2862,-42.1002338206772,6592.558895671595
117,2064,-190.6102106231213,11347.804015532669
117,2078,-193.3947114944039,11283.727986796492
117,2190,-226.9400113419324,11092.973614791454
117,2225,-236.85635389679558,11026.74427789071
117,2247,-242.60735995259793,11019.731533059568
117,2310,-254.20099994998944,11653.532438769811
117,2352,-260.3286426817272,12187.132780239264
117,2611,-296.76117974627516,14933.70038793271
126,2078,56.96559815312778,2981.1760090165803
126,2106,65.64330371490676,2485.018686673442
126,2133,67.43082010971428,2247.4201677771093
126,2169,77.23027151759057,2116.988096935484
126,2190,76.244896417393,2133.8507937295194
126,2225,76.38918365907284,2061.4908877884136
126,2247,78.51232590088888,2058.0214733530947
126,2288,86.19894539123955,2038.2084585982873
126,2310,85.31851607195345,2084.938043257185
126,2323,85.14266008635347,2117.5462766701066
126,2379,87.3406208650261,2186.709999334453
126,2409,81.48055435198381,2207.9075592595077
126,2414,80.62872123897215,2215.6563697180986
126,2442,81.27511187628012,2312.912590844257
126,2565,49.396785847861565,3196.156211898514
126,2596,45.516095978802674,3341.073060249854
126,2611,42.590982176154476,3439.4397345398
126,2805,35.936608886648706,4676.422369783097
126,2834,32.59601112815845,4912.663981322116
126,2862,30.97756859837361,5428.879841628296
129,2099,178.08803508233487,9241.49821527318
129,2106,179.60033646951905,9185.51003702553
129,2352,234.0754285206996,9702.596391751633
129,2470,229.0976311975665,11712.362097786841
128,2099,33.4852673577358,28253.450640432693
130,2099,-161.50298123128863,38970.65581555485
131,2106,-112.35333104557229,15090.772623624713
131,2169,-112.67160929312142,14567.23794498788
131,2512,-93.6900589350706,12947.358897027025
131,2526,-94.13136823790742,13042.670500917277
131,2722,-112.05423431811369,15771.487135911131
132,2106,-128.22290126189483,45238.981441903015
133,2112,-26.49963906625232,4083.948427899213
133,2169,-38.60909265608382,3024.622344557296
133,2190,-36.47886431345166,2924.1052024955225
133,2225,-31.853734647725446,2685.272120892046
133,2247,-27.312206048204843,2827.726159172727
133,2310,-13.311372561997283,3356.8307361285524
133,2351,-10.9274622426524,3770.1757726595215
133,2512,-1.4158644838702488,5045.015577568425
133,2526,-0.21045725302072216,5173.273911895921
133,2722,-18.866504124931364,7338.557149442755
133,2726,-18.996081174807465,7410.146427480941
138,2133,-58.636499325693435,11541.147865994037
138,2247,-69.32167071207584,10154.80380912737
138,2323,-64.48706045041745,10419.169923666606
138,2414,-74.55955624003369,11912.096784751842
137,2133,-22.3897412804624,4738.806118379848
137,2190,-21.20419415432203,3793.3851110000523
137,2225,-19.795719695555473,3235.0410752822163
137,2247,-20.28303699828863,3009.9227783741967
137,2288,-13.760097535207382,2724.1780566250145
137,2310,-10.847332162342346,2609.104663341035
137,2323,-8.410340182216236,2554.779125043222
137,2351,-3.049937374473847,2576.9690490563003
137,2379,-2.9393126270887784,2608.64046127537
137,2414,6.341465702798701,2863.3186326984414
137,2442,15.45231756337202,3008.8044101719083
137,2449,18.310251531672183,3065.504786041209
137,2454,19.831087325642716,3123.5675321439567
137,2498,27.632550917935635,3825.2944102141028
137,2512,27.529940634207204,4092.324826271334
127,2133,-22.346973229227395,13287.326942388365
127,2498,-11.056250340727168,8452.255028583782
127,2805,0.9202106619678639,4802.471509679661
127,2834,-7.426136887320122,5077.389280904646
127,2862,-13.954924546338328,5580.4975291165265
142,2162,50.708688145370694,3039.592278110161
142,2169,50.441396387172034,2912.7465388407263
142,2190,49.34714442970682,2800.6218693559413
142,2225,46.598096201830145,2584.4671558967534
142,2247,42.43617369499576,2619.8250102237425
142,2288,31.217669068850764,2674.825546232188
142,2310,25.98354681923116,2751.4071729111274
142,2351,14.430684696876693,2844.166496272197
142,2379,9.298879389954793,2872.9720946132325
142,2409,6.87522676009878,2958.7862698832423
142,2442,3.7282523542350825,3036.8225235594405
142,2498,5.546067122862249,3770.5717688273126
142,2512,6.431563181614656,3936.744852880065
142,2526,7.34294608962271,4173.22481091104
142,2565,11.424951965578302,4847.105923193892
142,2722,26.180249762511657,7866.45104135379
140,2162,-50.82622144446007,5324.267597088681
140,2169,-50.202219064679575,5222.597606510346
140,2225,-42.046448990772355,4786.417004293745
140,2247,-44.905799501136556,4771.083486275507
140,2310,-46.88055116911881,5193.514438716242
140,2596,-38.13008255271139,7778.912221627267
140,2715,-16.974043651673682,8932.191395487875
141,2162,-377.24877047570556,4372.286348384004
141,2351,-388.52697653551047,36724.534283784786
143,2169,455.6143821974687,19389.04832610426
143,2190,458.0080321328989,19492.220765121012
143,2225,460.4851065989137,19889.395432940695
143,2310,463.04968121724363,21471.628933834043
144,2169,-54.17972391119514,6485.869042286201
144,2190,-57.179708249003994,6235.92271776712
144,2225,-60.79461891176963,5852.2904363213365
144,2247,-61.7566260662589,5643.528026355568
144,2310,-67.77416344677754,5569.905611692292
144,2409,-68.52983814059463,5928.535432854356
144,2565,-61.505927726881566,6791.889195807869
144,2722,-61.300654343879465,8225.969573472401
144,2775,-63.21725124153296,9005.245269711999
151,2190,-49.103749277539194,11927.220670580125
151,2225,-46.06018230344592,11683.04185533286
151,2310,-50.67560319756978,11653.127778301325
151,2323,-51.939945826690675,11866.550033198006
150,2190,-55.143266967746,21325.286905397676
150,2225,-53.66842802582413,21351.66027528706
150,2310,-53.687219056959655,21973.903582838622
152,2190,-180.89672126523533,11622.950755440783
152,2225,-183.68807203443643,11046.323618418915
152,2288,-183.87625150573805,10393.847288272256
152,2310,-183.96419141072758,10442.968043708112
152,2565,-191.19317938880894,13001.509427523903
149,2190,41.81681637413359,19870.772852624257
149,2225,37.74765000519981,20095.423999346294
149,2310,34.698630215096735,21670.623251710444
147,2190,116.11439863742778,12646.14408933508
147,2225,118.34342753927544,12446.501717170795
147,2310,132.88641217812835,12170.137595856362
147,2352,135.8030789718811,12895.56293096608
148,2190,-284.5673047652763,36119.56781922859
148,2225,-286.6595291396837,36214.33692383084
148,2310,-289.6406347090171,37204.72823982748
146,2190,-15.965468239112706,55498.81677074569
155,2225,-171.700872980091,7568.6613208315775
155,2288,-156.09291757769392,7562.784444299772
155,2414,-122.43602284767577,7245.039370161079
155,2442,-121.18975431725467,7249.294901996094
155,2805,-110.66932817103809,9164.079387606273
157,2241,-35.33176247202237,149.2042547154172
157,2247,-34.67526823630928,16040.68422089971
156,2241,199.06027291275387,27402.63259554125
158,2247,-248.3112471979535,29940.872685041886
160,2247,105.9206834106828,19121.05811988975
163,2247,12.446099861107385,20759.830420098027
161,2247,-27.5060822614734,7002.517024699008
161,2722,-21.779099675135093,15973.44977982228
162,2247,-265.1832634266222,7009.739470191029
162,2611,-267.3008337964201,20513.848818025886
159,2247,34.26467901460633,3841.8428043805648
159,2442,33.226476498089085,22378.142732344273
171,2288,-95.31933059090605,45641.13763870537
165,2288,258.59667164690376,39563.49891183253
172,2310,-17.816500179945653,8480.283740327242
172,2409,-8.156903359919369,7187.899952618892
172,2596,30.167750902530077,5598.840452385859
172,2715,66.22101305062331,5770.577564251994
172,2775,89.92252464948982,5812.946366112866
172,2834,111.1302438722069,6107.814367223896
172,2862,116.98730817398376,6584.79355283156
174,2323,-107.89515023098755,28399.011149194863
173,2323,107.8835098866703,2775.975376800126
173,2351,105.95027598157195,2436.373501463509
173,2379,104.23627720072557,2119.1718355307585
173,2409,112.74267333939417,2032.2956543428243
173,2442,124.1116764851237,1856.9463459880706
173,2449,125.8636220770993,1886.459535399127
173,2454,126.55715783804685,1912.3763171124049
173,2512,153.91547607849313,2205.9166439214655
173,2526,160.79170671787796,2245.8836076345256
173,2596,196.28221972583893,2521.161334916684
173,2611,199.27988467594668,2578.6885281443438
173,2715,217.70717311836,2860.6220983756652
173,2722,218.1720498759719,2873.6438526078928
173,2726,218.49912210342646,2891.1570054744275
173,2775,223.18228846943433,3216.1119099511293
173,2834,222.7582110181598,3621.6642701954315
173,2862,223.5672717424026,4174.204784627399
176,2323,-233.84818228986254,14238.909120287879
176,2414,-242.4871784195719,14038.838429727608
176,2512,-250.0284767919014,13870.43606229534
176,2805,-247.70405326947872,15083.888362575472
175,2323,-115.99633922282908,3641.312748636307
175,2351,-109.44405204046284,3310.9267780352384
175,2352,-108.9960120618984,3302.4756348501974
175,2379,-95.64952324422279,3083.5278861596903
175,2414,-84.79031216502311,2941.0994825958837
175,2442,-73.70450102719164,2794.0548390418503
175,2470,-79.6353320724342,2977.5988857137977
175,2498,-87.38332053140287,3117.621096416644
175,2512,-93.35929296789863,3206.3590924080554
175,2526,-97.21442284630517,3330.3913542545306
175,2596,-108.04984205258978,3951.534141066538
175,2722,-138.01831786938826,4446.7366631360255
175,2805,-146.89144685221788,4560.797790125253
175,2834,-149.28048074620094,5008.490577952627
178,2323,-209.08420864334465,11291.45254637045
178,2775,-185.03764829211954,5948.791530312197
178,2805,-181.14630189269394,5604.91464432996
178,2834,-176.48749753119185,5852.962913319093
178,2862,-179.96084162477783,6328.424130651546
177,2323,-144.1592602907123,45559.0826388803
179,2323,-134.4263332864941,45326.33211577041
186,2351,-16.538387173357435,24798.066807285148
187,2351,-93.71648847070216,14992.439951044995
187,2512,-92.17550436855477,13745.043048841788
187,2722,-76.63793934319463,15024.699277095908
190,2351,-156.58777083492515,8776.552536102174
190,2454,-183.69336461824352,7798.27437828468
190,2722,-236.66689008118803,7860.654400244688
190,2726,-237.38851162548244,7879.514131401609
190,2834,-249.48314172880674,8733.86897816748
188,2351,32.063009935666464,6133.463632766819
188,2414,47.02262366516277,5339.431834701022
188,2498,63.150685700076004,4515.914525499584
188,2512,66.66250556397844,4442.131419048888
188,2565,70.23260626295396,4332.11419183175
188,2611,75.67353424548412,4368.867088206555
188,2722,105.55606959555362,4949.368312492356
188,2775,121.0852113054555,5313.68623113702
188,2834,134.48515540714496,5946.271235400857
189,2351,-208.7902535966162,5088.403221074511
189,2596,-237.98651929322642,19634.6185448169
181,2352,55.22128450307437,29709.272854186744
193,2379,118.97587975687509,22098.237625735328
192,2379,-116.08929406499581,41948.824953606076
198,2442,18.85787758685207,5583.733774850669
198,2834,-11.166077036925662,17122.664900678563
197,2442,286.3385414055984,11480.057903777137
197,2512,283.53342389752356,11126.49266605874
197,2775,236.31449433788725,11950.58033021757
197,2834,226.56468668801182,12847.486369726945
205,2470,-168.82101712405043,46649.094696787484
201,2498,73.79035971342759,10471.769235976952
201,2722,68.09074396503686,8856.151167047752
201,2775,63.61199351520157,8895.743720357586
201,2834,54.472347942762006,9602.34375692268
204,2512,262.6948221232708,39021.309091188385
203,2512,-199.76670620558767,38753.803253757316
207,2526,94.52243055701541,45670.59910505996
209,2611,279.2483184410055,20771.389814781887
208,2611,518.7355128571319,23648.636583521868
213,2715,-185.98305788773774,41027.31489879875
214,2715,-49.738339207205385,31366.50202036567
212,2722,-184.02748359036508,9743.522960486094
212,2805,-184.38220495241688,9269.83621313978
212,2834,-183.2473098899498,9813.784008052042
211,2722,-185.4180282208056,8277.02257341175
211,2805,-185.76276737308703,7470.8165864195435
211,2834,-190.24896788888486,8011.570478284193
210,2722,-7.851051565998027,26056.21998956694
218,2775,-181.09203792938334,3197.792763969723
218,2805,-185.44274667346417,2597.282722268196
218,2834,-191.33507403527153,2814.5054369353975
218,2862,-190.0176148849141,3404.6735247867996
216,2775,-425.0655163361808,14017.955097785089
216,2805,-425.7914222432398,13745.879052037071
216,2834,-427.7718922444155,13835.408656576292
216,2862,-427.923531022895,14125.3446437303
225,2805,-209.46680785158256,23264.280308356483
226,2805,-163.41297131508878,46350.143791760376
219,2805,-283.0122339151608,20910.81726625657
217,2805,-221.1720173755063,698.1038319631597
217,2834,-215.34817461472613,12300.82663645586
215,2805,202.72819961301795,36263.27754215114
223,2805,-450.7467429041293,1405.9290711954854
223,2862,-456.3663916290724,39866.83530830163
227,2805,83.58655769247093,46181.022837643315
221,2805,-431.62390521062366,35078.41316810586
224,2805,-96.39266645849183,45603.05328724112
222,2805,-290.7957311858599,42219.36099167867
230,2834,276.1729553512075,12504.389398966363
228,2834,105.52782152641821,31110.21564806058
229,2834,-154.20161699210223,38773.44237597279
231,2862,10.965572368567187,26693.564574629774
