id,evidence
1,0.5043609207473679
2,0.292637611168023
3,0.5000000037826785
4,0.6674850707233909
5,0.41520046149647416
14,0.4999999962173215
12,0.4965112381018988
11,0.5000000037826344
10,0.4963291904796957
13,0.4973834143221373
8,0.49724456515621684
7,0.4973834143221373
6,0.4999999962173215
9,0.5000000037824917
15,0.5085539874791485
16,0.723124291943554
17,0.6001392654011857
18,0.5963884148127391
19,0.4767576947884855
20,0.5824373531251648
21,0.5661154702878994
29,0.7311447091186444
31,0.25990667869330586
30,0.7327490361119471
28,0.26054845407602334
27,0.4743631791983467
25,0.5700756751645158
24,0.5001626661233685
23,0.5614864183614474
22,0.5977251788877237
26,0.5795584212415575
35,0.37854278838045835
32,0.6663033046173056
33,0.3152412700015311
34,0.16854640072006022
63,0.4999999962173215
62,0.4999999962173215
61,0.5000000037826785
57,0.6953012334025048
59,0.4999999962173215
58,0.4999999962173215
64,0.3419247861889545
60,0.3710839279721798
65,0.4974843405560757
70,0.5888982340166017
67,0.5534582541926648
68,0.8276082613330933
69,0.3043043867382182
71,0.5000000037826318
72,0.3143353327418726
73,0.49999999621752267
74,0.5759072557750659
66,0.4968093418781427
56,0.7877034259359017
45,0.728918329615189
54,0.3070448884856275
36,0.728918329615189
37,0.5772042056026718
55,0.5032208148854334
39,0.5920077151560131
40,0.49999999621752267
41,0.5759072633391737
42,0.5850697229653619
43,0.6473339191810891
44,0.712244731394837
38,0.44616051248355937
46,0.5772042056026718
47,0.49999999621752267
48,0.49999999621752267
49,0.28314087969568996
50,0.3043043867382182
51,0.5920077151560131
52,0.6281973737300075
53,0.3525447685034321
93,0.570397121026238
94,0.6884902213524928
95,0.4529525313274657
96,0.44391807699171937
98,0.7171742906979673
99,0.6885353160363348
103,0.7143781803947715
101,0.14832974637245175
102,0.8845617078985077
92,0.7897232339705695
104,0.43978728217407326
105,0.35824052713783333
106,0.7843391815967682
100,0.7250777304170615
91,0.586218243172168
97,0.7143512385894418
89,0.2554939020130271
90,0.5105333071119589
76,0.6511964115725593
77,0.405462827374428
78,0.4081369987745741
79,0.43938867640415497
80,0.4239566167598534
81,0.48945961511977176
75,0.43123051191465334
83,0.831161674837925
84,0.8110021061775124
85,0.8620058910994312
86,0.5657976168746293
87,0.28346533159921233
82,0.2711714627225189
88,0.6469403047553968
135,0.6857915419454306
136,0.6413457975388923
137,0.39728089702460945
138,0.5199497893397071
139,0.5145069982902514
140,0.7990476559946177
144,0.7358939711011173
143,0.38700887427299946
145,0.5000000037826785
146,0.6528494083612311
147,0.728550084831073
134,0.6577350128689139
148,0.4999999962173215
141,0.4781539641007238
133,0.7060122751505751
142,0.7766755943599116
158,0.4662542441939431
151,0.5717590586078843
152,0.4792823296876817
153,0.461180157449785
154,0.7611757242936062
155,0.5220070223787489
156,0.6140016149311842
157,0.42296333439729866
159,0.5465289171393728
160,0.8886267798412045
150,0.37383410221135593
161,0.4788900839963277
163,0.6229757371377656
162,0.5997756623373273
149,0.8862524305306861
165,0.6808776914340517
166,0.4181795280447298
176,0.5606285441446693
167,0.7560848781129379
168,0.533099783208169
169,0.5257787208520837
170,0.2973612105287069
171,0.4157134772959199
172,0.22958151607398192
173,0.6295180119489283
177,0.657913881769397
107,0.7705692175095707
174,0.6351398686280114
180,0.637746908277199
179,0.49640505321990186
178,0.7183253063782227
175,0.43388802481887484
113,0.8006519048804579
114,0.2811117158873008
111,0.3727718739661967
110,0.47629181642977403
109,0.7051963348673995
108,0.5962627198007756
112,0.7112532064084092
194,0.46317890074335605
193,0.5393801096472477
192,0.7589554316870264
191,0.50066421252382
189,0.7596583053059777
185,0.40597884256626804
187,0.5208210313079434
186,0.46889216403147127
184,0.594538351553904
183,0.40130751666246456
181,0.5408340368837908
188,0.5467763912685233
182,0.520082972346292
196,0.5425963275227753
195,0.3406419623907412
115,0.7854419187784535
116,0.8040288051679781
117,0.623501114148081
118,0.20811064432020437
119,0.9364371099611066
207,0.5156068996487966
206,0.6226256897285829
204,0.6890376248965746
202,0.6093861269637787
201,0.46809832816765573
198,0.6072580893411937
199,0.4546898285340781
209,0.5733041501491905
197,0.6258260554512044
210,0.6629037153579608
211,0.6956888227420074
200,0.6568335124214457
208,0.5612303848399713
203,0.4064407854333494
122,0.15221854794731562
128,0.6494086205535687
127,0.2930182519521549
126,0.7069817480478451
125,0.34087638153579486
124,0.8328233597661834
123,0.47717681977514625
121,0.38129682134756976
120,0.6590023977793665
224,0.5284789529152565
225,0.5839402532589703
226,0.4642711757247576
227,0.46663623834432655
228,0.48122008475865297
131,0.39475560975178137
230,0.6879821963122509
223,0.7222592200910669
231,0.4423618215273043
232,0.86731819065917
234,0.5100056545247412
229,0.46242915009116625
222,0.5882745419393021
233,0.5861892632836225
221,0.7613803528694095
129,0.6472887079092791
130,0.6944219184909923
244,0.6070701126574752
246,0.3530587407841138
245,0.5400059558330601
243,0.44322878460224385
242,0.48304733382094855
241,0.568343802667079
240,0.6748972948263573
239,0.3688504000257671
238,0.5950471158957884
236,0.626514427873668
237,0.7380909094406016
132,0.7677397406706166
235,0.49942140232591026
251,0.6320222068901602
253,0.5463123414896682
254,0.5345805100618441
255,0.5834885123994078
256,0.40795639228404834
247,0.4404057495196336
248,0.6320406656075273
249,0.5152641814336403
250,0.7177606888775143
252,0.47218791031706475
257,0.8550734155159557
258,0.946697353381593
259,0.743011958286571
261,0.3485398224932262
220,0.4999999962173215
212,0.5229454675713718
213,0.7243060837612102
215,0.8369144508101065
216,0.8992652595300263
217,0.4143128980542534
218,0.4159088947360231
219,0.7259556094806789
276,0.7346998977357218
275,0.33138617665716064
274,0.8170691937100978
273,0.44971543829424776
272,0.7098938436451887
271,0.6351083266651361
266,0.8051278737943952
269,0.8574965060313611
268,0.7292794800039731
267,0.8435781187377999
270,0.7566926262842621
265,0.40708653940536144
277,0.49358973390821936
278,0.7924046977654183
284,0.6051228902638337
283,0.9497194619738203
282,0.8380900101000164
280,0.8386117936711405
279,0.8806912073126724
281,0.7033899010918498
366,0.5008595260081796
372,0.21343414214165457
371,0.4926928166914005
373,0.21350529037781107
370,0.5067154404530732
369,0.507301967117933
368,0.4980498910829708
367,0.49804411029546714
365,0.7778539923268518
359,0.5094590166914545
363,0.49155437108067346
362,0.48883921629163485
361,0.548715131540124
360,0.5455693163700461
378,0.5000000037826384
358,0.48818452579950156
357,0.7972158796185427
356,0.6273672399808193
355,0.35333408230454216
364,0.49255440738192224
374,0.4961593642717027
353,0.6220269495870363
376,0.5000000037825302
377,0.5000000037825074
354,0.6451610695139341
375,0.49809628490567937
285,0.30632913599796635
286,0.44434371868200057
287,0.9080051612289527
288,0.5377686116875491
289,0.7611032423201921
290,0.558260181616583
291,0.857364483567326
293,0.7735432147833046
294,0.19598217740694346
295,0.8358127193981645
292,0.5437661446406212
296,0.8306518792262432
297,0.6728022442914986
298,0.43261917823797047
299,0.6331975966093638
301,0.23127644270681966
302,0.8428592431466321
300,0.2514328956945632
307,0.9784235381236623
311,0.4320630029651811
303,0.9442245123800381
304,0.889648806560888
305,0.7404546337261397
306,0.9304781693916669
308,0.32902204770406923
309,0.31904942900772526
310,0.7447333382938981
312,0.5679545722908557
324,0.8960230446062977
323,0.9555019705610397
322,0.6860049171394398
321,0.911567660957695
320,0.0700282702188939
319,0.7093939652348991
314,0.2503674964256137
317,0.4556191971114133
316,0.43315019041671465
315,0.6889327819677727
325,0.7644149313383417
313,0.4575967965745863
329,0.44565771693068196
318,0.9797639054452537
326,0.22639709240859918
330,0.7001605003386264
328,0.4305572299688736
331,0.548153545403578
332,0.043736336251431654
333,0.16687146975903278
334,0.9241153290714389
335,0.871969726017239
336,0.633363769188668
337,0.5418209978171771
338,0.5767486646265685
339,0.7773421378547907
340,0.5000000037825754
327,0.8246669282049854
341,0.3212851409880168
343,0.19010482964863676
344,0.6528592105933682
345,0.7718417174727903
346,0.6557843487777895
347,0.831158468733884
348,0.6536375203729415
349,0.16966796015553504
350,0.43928355489871673
351,0.6046776078590061
352,0.7892619328177245
342,0.3303408761754322
443,0.9536144909807454
451,0.7914039257334713
444,0.12455937150379394
456,0.6846775886729186
452,0.890734880005475
415,0.4986484570214055
416,0.7482367391242624
418,0.8145528279401932
419,0.6675898259124476
420,0.41674867041106123
421,0.8018011909824612
422,0.3894704742033839
423,0.5000000037826785
424,0.4954605402549436
425,0.7608382013923959
426,0.7902509454150063
428,0.41552333939503305
429,0.5691637268989227
431,0.6818648368581619
432,0.4999999962173683
433,0.7801573978737847
434,0.5000000037826424
435,0.6519442066245518
436,0.49999999621736824
437,0.40058017333623086
439,0.3078227608707461
440,0.7450537120385716
441,0.4108508020687801
442,0.4165839338336709
414,0.46078126170738976
430,0.5014097911816477
413,0.255885897866584
427,0.723290404406506
411,0.23996417298551953
379,0.9023376383314224
382,0.4050517902210906
383,0.8449096475449268
385,0.9354435213431164
386,0.7381279868840508
387,0.4681928825017306
388,0.6280271222890017
389,0.1846315396236804
390,0.5028765928294837
391,0.45228532237904323
392,0.3803044432522647
393,0.6532802864807247
394,0.4709660159245297
380,0.29460542797066874
395,0.8734086796494644
397,0.8062757350261063
410,0.5913513532201405
409,0.627128604956534
407,0.3179915483827545
406,0.4505612720126667
405,0.5000000037824881
396,0.2835632794117412
404,0.23625459889774025
402,0.502885584500771
401,0.6604600589546449
400,0.6232919291455932
399,0.4680955294361251
412,0.7056624969545006
398,0.2742905397944644
403,0.8140587789044772
381,0.23932387249505396
453,0.8388913528397248
449,0.304868080738328
446,0.5387366314130024
445,0.6173276545839417
450,0.42963455636004666
448,0.8220702761324958
447,0.7514515795929728
454,0.6321750132646128
455,0.1487204298172352
457,0.7564338513929569
459,0.532779837145114
461,0.7395274188408002
460,0.6021881423534483
458,0.706885487558529
487,0.7467870240334563
488,0.4472212172903714
489,0.4060128455753308
490,0.8468246504605811
491,0.8881003001272433
492,0.8841186327760608
493,0.7755774064108446
494,0.6237433972858706
495,0.5308123942751126
496,0.6683746296099884
502,0.6893353505133355
498,0.7807183962112113
499,0.8171903887864604
500,0.7304784097415052
501,0.6702674899771244
486,0.7422935329539605
503,0.22090791732574153
504,0.25807276805902574
505,0.5473761836300142
506,0.6621686224252509
497,0.7252337289547468
485,0.8388997118665272
471,0.9221344243973112
483,0.6960808601421535
484,0.6319304327369156
472,0.595010477602336
473,0.5560196520555718
474,0.5516650767306015
476,0.7013164067001546
475,0.7423507002663683
478,0.7748605368228786
479,0.7411130486307116
480,0.9493447552410041
481,0.8762461195172758
482,0.7701201643531023
477,0.633294176363793
465,0.4999999962173215
463,0.1589675232571871
464,0.17061822810652316
466,0.4999999962173683
462,0.15665244450591917
468,0.49999999621740915
469,0.5879776174608261
470,0.41540034129155784
467,0.49999999621752267
507,0.801789635745235
508,0.7042982090115963
509,0.7236838745090883
510,0.7537506105512461
511,0.6311340332646693
512,0.4126896299849794
518,0.6431163696636705
517,0.7657446020627872
516,0.6604046426486199
515,0.8262347846502873
513,0.7335420289768296
514,0.8791478456612054
519,0.36031183940070866
520,0.5397663728160871
521,0.6838792438343886
522,0.27948116314463034
523,0.6233916606655674
524,0.553438976816268
529,0.3060458477576462
530,0.674511942715956
528,0.5656234432027974
527,0.7093448662791757
526,0.34152984941112186
525,0.850814850151588
541,0.2308643576811002
540,0.7217743065024727
539,0.7887617653571605
538,0.8257131635530323
537,0.2415317770457779
542,0.4067862713127974
546,0.2422492861062046
549,0.4758758086758433
548,0.222787206314537
547,0.5499137861507903
545,0.5328953191579963
543,0.5091199500530803
544,0.54514900068743
536,0.5796290200895458
535,0.39306552948524887
531,0.6236445365615049
532,0.8545624526287229
533,0.23374483844926605
534,0.8762152090282037
550,0.24203009806791032
551,0.3697185724621624
552,0.17959663943425833
553,0.3288109671159498
557,0.09834234106120525
556,0.5625982516508781
555,0.824185913920717
554,0.4006346856845471
558,0.8545117515986004
559,0.7301384232737528
560,0.7486450153955904
561,0.4649172316471004
562,0.6476727822420686
563,0.6918148937785538
564,0.7630010780429218
565,0.5411198353441428
566,0.8452769651751644
567,0.4999999962173215
577,0.4707757321988604
576,0.7388249153267138
575,0.5119947788846896
574,0.6546582134113194
573,0.5745877166713196
569,0.4193297157300423
571,0.5033223718557345
570,0.40609452296751014
568,0.6574319660512512
572,0.4277440925258547
585,0.6127196701890945
587,0.4600310938486002
586,0.7967959133781193
583,0.5135798351920954
584,0.760054223888741
581,0.6779495859975534
578,0.5082377730654679
579,0.5138835607021277
582,0.5677194621425132
580,0.8280152893088845
597,0.5468055388355885
596,0.9074183742553594
594,0.5992642180783763
593,0.4065560944839197
595,0.7818660509910157
591,0.8219016158250022
590,0.5757343049516006
589,0.5938328889950162
588,0.5140276171296368
592,0.7182666133118671
617,0.6251946833580928
613,0.6479881010044516
614,0.7827395384429253
615,0.9273062394981296
616,0.8369795385057801
618,0.8329659590055436
625,0.6518012973466554
620,0.8435379281530282
621,0.6358054856833342
622,0.24541090438501387
624,0.9429933482395717
612,0.9060794982100305
619,0.7989060359641834
623,0.7033536153735458
611,0.6115120010014403
609,0.7226484896824689
610,0.9460284771708161
598,0.7663172187701244
599,0.7168686399879883
601,0.8284933345846066
602,0.8601322279309708
600,0.8516705299095982
604,0.7701759001431038
605,0.8337609056239103
606,0.6778869966472153
607,0.5274704789796207
608,0.5529393227373496
603,0.542154248457216
646,0.6967424659657581
642,0.3813421348863698
643,0.9054757863546194
644,0.5639512092685702
645,0.8536606593861166
647,0.5018355213022541
652,0.82006255400173
653,0.3121239321309051
649,0.5143830566046572
650,0.6708079619619361
651,0.3991193074231222
641,0.40366613215292274
648,0.3277189967137497
640,0.19360108310443713
630,0.5531838065502066
638,0.7007073494976019
626,0.4319325269108464
627,0.4834886917173798
628,0.8082147634456076
629,0.6026474476047718
631,0.40957036050829354
639,0.8852149178201425
633,0.5245654931291579
634,0.5656045307691573
635,0.6021202842796725
636,0.32600487024971003
637,0.661663396433834
632,0.697671959096198
670,0.9215356253880936
671,0.899437521929187
672,0.6420466142933998
673,0.617730635997886
674,0.9298924918622867
678,0.6671086193606185
677,0.6491187920321717
679,0.37948832892266104
680,0.9368231245580955
681,0.2543740671749152
669,0.7034913995418545
675,0.4009681573960881
668,0.7926201559520767
676,0.637465701003201
666,0.7453951607237077
667,0.5843795145237947
654,0.5978456546103312
656,0.540683637850268
657,0.5221578257385338
658,0.9299770403340356
659,0.7735858367531887
655,0.5104812007198318
661,0.8466407077200584
662,0.40238009696159005
663,0.7312954678835242
665,0.9183984811948703
664,0.45790635166536975
660,0.16569747522837963
710,0.7312205576010262
702,0.8972772350734701
703,0.6641514982213985
704,0.9022699459792295
707,0.8697805550695745
706,0.2586109766858117
708,0.31084376503029126
709,0.29823150575663787
713,0.8323184545005857
705,0.4320055410447477
714,0.6118665113071052
712,0.6503182725120513
711,0.40138202072189244
720,0.5357437878071603
719,0.38641971373092915
718,0.6277504740833459
717,0.7445784402649342
716,0.5476101395703312
715,0.7983388868264265
722,0.42220372216325214
723,0.2586353594787462
724,0.3943605091029913
721,0.6919378555636162
731,0.8058577201949846
730,0.5097564093075397
725,0.6396631206220169
728,0.5120909421508946
727,0.378554724534622
726,0.4789116809443177
729,0.46298240392462076
732,0.8694099153651821
690,0.48614037040242736
700,0.8437219820706392
682,0.8135299068180049
683,0.7886606071095891
684,0.6589611087355823
685,0.8269959933852514
701,0.4337961978556121
687,0.6972383903523838
688,0.5327573561218498
689,0.49095182087233796
686,0.771064893805181
692,0.9545932782945848
693,0.5151344317444857
694,0.9128573246283871
695,0.7353866141234652
696,0.5207790441505863
697,0.8188658961117786
698,0.49745117612663925
699,0.6879058814148534
691,0.7843199002972212
743,0.69827539879294
744,0.8004378148525152
745,0.9609284413231931
749,0.43859947201209437
747,0.5662274191199466
748,0.6160529795427262
746,0.2926279038707374
741,0.3469043599919882
742,0.784487676036552
739,0.8662592300987221
738,0.5547102849228951
737,0.257845987154432
736,0.6503502187329449
735,0.46159846906077195
734,0.9408307571640089
733,0.9018175390637517
740,0.9913044531248175
765,0.3631839252466698
764,0.9130254442751963
763,0.7893693976051342
762,0.9869567167664791
760,0.1695817008868963
759,0.6917094705703942
758,0.6965224639100385
761,0.8744244541614208
756,0.863260200745529
755,0.9107589547436592
754,0.21134068774146247
753,0.6854327884222116
752,0.43542833811260895
751,0.4261667713468232
750,0.18253691282099016
757,0.6475647841604825
784,0.851339080952639
785,0.6908190840645613
786,0.9884519228436255
787,0.9158375940639809
788,0.6585651880853399
789,0.7416322420316295
790,0.962292579187901
794,0.309286350374149
792,0.4547827658795961
798,0.704825503516952
795,0.26853918500484986
796,0.8549082053834183
797,0.5002577025885635
783,0.34673912966384524
791,0.7593037584893139
782,0.7989487658883614
793,0.6991409669852398
780,0.7001410963738738
781,0.08695592700862176
766,0.21964662046176175
767,0.513596701228904
769,0.9319284216812143
770,0.39694779971269545
771,0.5288753722204789
772,0.5583907432619243
768,0.2970781433397681
774,0.09168107827872199
775,0.6354522342017369
776,0.6612899584117544
777,0.8913809284958878
778,0.8409613201121197
779,0.84508720162936
773,0.9458626776793412
809,0.7886728108759805
817,0.7506199450332811
816,0.1702753924539911
815,0.8980787750664881
814,0.8921308097960644
812,0.29236565497660716
811,0.4605213988262105
810,0.5008640313095541
808,0.6085154838361464
813,0.9059846795249558
806,0.937256683623985
805,0.20048792049131522
804,0.09772944387604729
803,0.4259616013002646
802,0.6857353795020573
801,0.6537974624691613
800,0.8998023511992632
799,0.8378143915993372
807,0.8346663454744517
833,0.8249253009073617
832,0.4670300429762261
831,0.5941866281754358
830,0.038211686831956616
829,0.13146130018664554
828,0.8298279718892869
827,0.7414731112875828
826,0.5229290883467963
824,0.6202958750213405
823,0.46214355950644637
822,0.827574895253877
821,0.20859760189586365
820,0.8679590854539574
819,0.8819722521401788
818,0.15746832239095013
825,0.8453519806833576
847,0.68495914879076
848,0.5681286641507708
849,0.8908770978831538
850,0.8715692159326511
854,0.214695816818397
852,0.7947223008119482
853,0.5757750841154661
937,0.35586390632905956
846,0.6663664363065971
851,0.7049739265079855
845,0.526431313695261
844,0.31400986373291
843,0.3657690707229617
842,0.7449602865994819
841,0.36151647345157617
840,0.6965939254281475
839,0.8610092339198184
838,0.1374634563787371
868,0.15046523950759988
869,0.5523838699654555
870,0.4909706825571343
871,0.8667436016031004
872,0.763282970049634
875,0.2958704450186971
874,0.40718695118099335
867,0.48479110023696137
876,0.8877619586195419
877,0.8055433699435891
873,0.8472393533976046
866,0.17673800307181484
865,0.05317379244892917
863,0.6072740841090845
862,0.1900480302569376
861,0.6289881280697998
860,0.7178380229913228
859,0.3395957663510723
858,0.6755615917112092
857,0.9615308309868069
856,0.6341630382184902
855,0.26882511625414707
864,0.7904729992833315
888,0.6596560990429801
889,0.713616555230343
890,0.683134578795684
891,0.5087042727954727
892,0.7734298475812486
895,0.5961567274697879
894,0.6751704483573922
897,0.7133279010849513
896,0.5592153176201073
893,0.4007570561808583
887,0.6223995792164989
881,0.8433286160592778
885,0.6962670127577466
884,0.6101414328232289
883,0.40141234242579155
882,0.511353369687225
886,0.6188486349905993
880,0.44078375623811855
879,0.8536521339763659
878,0.3815146322542852
835,0.5952719229993042
834,0.7861781449157751
836,0.6181350523751152
837,0.1708344698150757
926,0.5637549077095485
921,0.8216242918367633
922,0.3561387863492329
920,0.5236576138207092
923,0.40930597588079304
924,0.9000397608179258
925,0.702681085489562
927,0.37984588365122496
934,0.6151709478012723
930,0.5949139259401335
931,0.5462659715635444
932,0.7161117135254642
933,0.3667624220811326
935,0.47116952764363884
936,0.0462642779051126
919,0.6949752003347109
928,0.6162917803781638
918,0.7199122786778055
929,0.6794117275992724
916,0.7720198387998596
917,0.35661876411573773
899,0.6757823574973961
900,0.3069369875600806
901,0.37260635466801084
902,0.28217371511474887
903,0.5946683217190492
904,0.6174757727489938
905,0.5687803777825483
906,0.7732524521409548
898,0.5243032603073652
908,0.5890712285372233
909,0.9486405765805838
910,0.8368327049305925
911,0.7343597483013797
912,0.5045459509054661
913,0.7221790037474791
914,0.44907617672508043
907,0.27819688355572614
915,0.4115611807779821
1005,0.5034887618981012
966,0.4166357997978204
964,0.5164202816482677
960,0.4999999962173655
962,0.5000000037826346
961,0.49816101362924026
967,0.4973834143221373
963,0.4965112381018988
968,0.3646810289277154
972,0.4171528381182449
970,0.41859343370906343
971,0.49130767909748363
973,0.474511136104117
974,0.48133705339527655
975,0.4714207375660616
976,0.49122767357413
977,0.5186171811082495
959,0.49124697027653585
969,0.759853140916574
958,0.4912664413880068
965,0.47944871558443736
956,0.4999999962175018
957,0.7250622178230082
938,0.479362366940705
939,0.49805693462782186
941,0.4991306122187794
942,0.49122767357413
943,0.5174467479962854
944,0.6043480891991069
945,0.661396322369271
946,0.46917104371177953
940,0.7412179435409052
948,0.3982684705162336
949,0.4922193905278598
950,0.47027749995652657
951,0.2643376870228514
952,0.8188209284959201
953,0.4931983282793807
954,0.4912485877328957
947,0.6242026001547698
955,0.491235321336382
994,0.4462909255560811
995,0.6438041296682382
996,0.4846741172331782
997,0.5639522929661175
998,0.501865183731747
1002,0.6556033508116044
1000,0.5059927860099503
1001,0.5162752532706784
1003,0.6326952045731661
1004,0.5880510226749733
993,0.40586847461360603
999,0.6889538950690438
992,0.770388925717806
985,0.32814770233861934
990,0.790133389126054
978,0.5896514642333991
979,0.8918898186667411
991,0.5983152613595731
981,0.7011616624608923
982,0.4407133437207865
980,0.7481113441339192
984,0.7214863744132113
986,0.5364063359546106
987,0.7210660930329653
988,0.5957244738128847
989,0.5281354956172524
983,0.21966124222142425
1014,0.3464615116640337
1020,0.6461546917862404
1019,0.3062519431997729
1017,0.5390786429657806
1016,0.29430743412710403
1015,0.6253544081328316
1013,0.478073087831347
1018,0.41969272278451497
1011,0.4134803675338593
1010,0.7307525076051474
1009,0.6967094168421855
1008,0.46357523421787666
1012,0.3590799647969227
1007,0.7161733700099084
1006,0.40769218565702553
1031,0.5183969330991103
1030,0.6955476948278935
1029,0.23115552689885444
1028,0.30244779348825335
1026,0.40444590241813827
1027,0.5591389483716486
1024,0.24342052827131822
1023,0.444751595417091
1022,0.363365749807092
1021,0.29544751174511885
1025,0.6640992383711164
1094,0.6871332659176869
1101,0.8124966637349518
1100,0.10325777934039596
1099,0.53222366879056
1098,0.41333837197829176
1097,0.3740257008271619
1096,0.6197668534430596
1095,0.43934309827456247
1093,0.7584073777095088
1084,0.8887651074785732
1091,0.7517867741771871
1090,0.32256274908536825
1089,0.1260370022063889
1088,0.4803875755015975
1087,0.7133576077268018
1086,0.6557468895114531
1085,0.5939006342011288
1103,0.5503103313278153
1083,0.3879432741344277
1082,0.6526524569091927
1092,0.700860517130356
1104,0.7295364947497716
1113,0.4798502114840743
1106,0.5117682296712706
1128,0.44629349248164246
1127,0.46667932911450705
1126,0.5465101050931218
1125,0.3280827730804966
1124,0.8310924966605647
1123,0.7516516719518777
1122,0.7826286939744344
1121,0.5480273341314045
1120,0.4736868130000314
1119,0.7592692361945965
1105,0.2658900315828856
1118,0.22830339002406883
1116,0.3513669988455875
1115,0.4708620945249618
1114,0.6353165377997886
1081,0.46351835019629917
1112,0.7955495984526728
1111,0.6455424834963657
1110,0.5379205485228101
1109,0.29264770847632554
1108,0.37304993703138134
1107,0.5104279225962978
1117,0.754918601627043
1080,0.8404503820763896
1102,0.5124306938856091
1078,0.58458073978935
1072,0.5038821854950832
1073,0.7314105110116872
1074,0.49001826981405117
1079,0.34834683033080976
1076,0.8145579446218705
1077,0.6888270408011381
1075,0.5816724997759364
1161,0.5962960853217028
1153,0.49105576487358926
1160,0.7344980611329517
1159,0.49212653252883515
1158,0.6467518120968991
1157,0.5960727338731282
1156,0.7944146706383994
1155,0.7313351987293216
1154,0.5943592973607541
1152,0.6647273283155962
1148,0.5236597776521744
1150,0.9262539557150968
1149,0.6492597000782812
1162,0.7456438586562959
1147,0.3689109799725778
1146,0.6322766949872874
1145,0.5913238713389545
1144,0.5283886958898363
1143,0.5190161280421386
1142,0.4574206065112187
1141,0.7296652098130318
1151,0.7653637206798491
1163,0.5388299142841727
1167,0.6553465382701219
1165,0.6848905325880212
1188,0.32732257921132796
1187,0.7783079782512174
1186,0.5297796208206826
1185,0.8215045286969047
1184,0.3123516273543773
1183,0.6153035159148883
1182,0.7605491477099998
1181,0.7209552137242583
1180,0.5386636353158638
1179,0.3877625433629184
1178,0.7702833750750641
1177,0.36355625782761736
1176,0.8806650333852183
1175,0.670492263889377
1174,0.4219309903373476
1173,0.7901698356276494
1172,0.6804173689483186
1171,0.6380238723186088
1170,0.5682063533602548
1169,0.3529947163697254
1168,0.7374310386627544
1140,0.7035576555664926
1166,0.5651043379668705
1164,0.37669985959377406
1139,0.546511050646643
1135,0.5625463702055988
1137,0.6557980706603832
1191,0.5053704833554986
1138,0.4664526853282732
1189,0.355938000595034
1129,0.4144002803610709
1130,0.64502659272627
1190,0.8269171239652195
1132,0.39088224575601194
1133,0.5938455073388149
1136,0.43787383162139193
1134,0.6212904084274196
1131,0.4847678387558047
1208,0.7988532841102709
1207,0.5014951303750552
1206,0.708215934717318
1205,0.35592164725289005
1204,0.3737584932836313
1203,0.5317136999136425
1202,0.6708673010309043
1200,0.6236406404726441
1199,0.829292819539817
1198,0.8026917355362226
1197,0.49535141814217004
1196,0.5360315291175812
1195,0.6919047615430616
1194,0.586870534734867
1193,0.8762787868189763
1192,0.6826728402187862
1201,0.8772907910967002
1209,0.6143990252691269
1211,0.4415635208071643
1212,0.578414180572437
1230,0.9147100889470553
1229,0.6126348777758405
1228,0.6451885591306672
1227,0.5406935618031272
1226,0.5360631884699338
1225,0.6762127147196815
1224,0.3939080586216217
1223,0.7369981317701226
1222,0.2492231785618754
1221,0.6788387142535471
1220,0.47143173611790756
1219,0.27692447921992647
1218,0.43980076541209545
1217,0.2716914985926457
1216,0.7638855961095694
1215,0.21139548910867656
1213,0.7926080642844839
1210,0.4759175561773017
1214,0.2773777346719638
1066,0.09686050190445183
1070,0.19206769423296782
1048,0.2305165004279705
1047,0.9214605148987948
1046,0.694774947136442
1045,0.5786700468410217
1043,0.7654027533117367
1042,0.5835090987374576
1041,0.47527954765565694
1040,0.42428874811871553
1039,0.8195720155826488
1038,0.8479587329639364
1037,0.9595375002577331
1036,0.6795960242746648
1035,0.28119301486495357
1034,0.4396787767356355
1033,0.7342595186485157
1032,0.6547676129271792
1071,0.8226772995729293
1049,0.7121357279930689
1050,0.13059155351892815
1044,0.5249498767020465
1052,0.45977726304587785
1069,0.8147471713594816
1068,0.6212835253195398
1067,0.8900283270961555
1051,0.5290791572490565
1065,0.33496049676280726
1064,0.3561236009201071
1063,0.5746547586738993
1061,0.08231138839567484
1062,0.40765126336849977
1059,0.37022808032514076
1058,0.8335517631752847
1057,0.298321860146376
1056,0.8698205129805704
1055,0.39289454564370924
1054,0.7917262666892373
1053,0.39178245181295357
1060,0.4412311855221883
1250,0.5978035018608487
1247,0.7437970099642097
1248,0.7484430140914159
1249,0.42709159230408433
1251,0.25854283010841617
1258,0.6659306964005193
1253,0.20239355415219895
1254,0.4552472714985455
1255,0.36202209468386204
1256,0.7811675891901888
1257,0.4503984827359918
1246,0.37964946295200624
1252,0.911885098234513
1245,0.40476038576372764
1239,0.5731771089975458
1243,0.6156949999711646
1244,0.4046022277709657
1231,0.7841134460828976
1232,0.47403966335798287
1233,0.728696710167966
1235,0.4644160382710889
1234,0.43719082109519225
1237,0.47487017787946406
1238,0.35859556759874744
1240,0.8670532316905822
1241,0.6847374608242677
1242,0.43214223523433526
1236,0.610381683211718
1310,0.5595682481799383
1307,0.5558970076081691
1309,0.6185242899061734
1311,0.34299247763343743
1308,0.2606320072335107
1313,0.4722599017027742
1314,0.4058751963696268
1315,0.7585035703946122
1312,0.4243588262614171
1290,0.8392345016245562
1291,0.6562644121375029
1292,0.7647645037284746
1293,0.7974093429278627
1294,0.37362669055239806
1295,0.6653757778781614
1296,0.7487381621364373
1297,0.4378262603725579
1299,0.5967965949553955
1300,0.3551345180659388
1301,0.23502581156045754
1302,0.29953874597479935
1303,0.5840803933020318
1304,0.5807281090901707
1305,0.504576535360757
1306,0.4943650032200616
1289,0.43977838187018786
1298,0.624115001856064
1288,0.6390890337118995
1260,0.6673048236396091
1286,0.5881436465643997
1259,0.8012550388303005
1287,0.48793573759598385
1261,0.7455895992208834
1262,0.35298332468875915
1263,0.761188077965954
1264,0.6385005174690881
1266,0.35560735180377023
1267,0.7659203208451817
1268,0.7340873277068384
1269,0.5814373358891656
1270,0.37561097184969294
1271,0.6122166672599432
1272,0.8594097192714053
1265,0.6366036963395323
1274,0.8524227301079983
1273,0.3725011960054159
1285,0.6882350455956932
1284,0.7616666085779586
1283,0.7227887880802741
1282,0.3784082868958514
1280,0.6658007906504578
1281,0.7053206169741914
1279,0.42810298472260233
1278,0.49708926056156644
1277,0.8195793800943499
1276,0.4931757228986654
1275,0.6957752856655146
1323,0.5038162045058011
1325,0.43416910788453167
1324,0.6039418385226711
1326,0.5356997438902389
1322,0.46797563640314227
1317,0.5562851398089563
1320,0.7119504101000704
1319,0.4428131968071479
1318,0.6179131060043587
1316,0.3870215319366821
1321,0.28225638330554337
1334,0.6555646843927088
1337,0.6138013811055094
1336,0.5023769716645694
1335,0.4200602012153255
1333,0.5493295465739217
1327,0.6107150114962636
1331,0.3794972571986456
1330,0.38697878328068036
1329,0.5034616803392209
1328,0.3352234135637633
1332,0.6574846011413084
1344,0.768890225598172
1342,0.4368971976591088
1341,0.46755917120596435
1343,0.5805016199989141
1339,0.5363061327104195
1338,0.6319779160206185
1340,0.6355880383541792
1388,0.631354024152701
1381,0.6300268581030077
1382,0.32586956222270763
1383,0.4194874299526554
1384,0.6088276768006999
1385,0.407824786520142
1379,0.5682957154992414
1386,0.7272344025630477
1387,0.4994296909301163
1389,0.6088355220441521
1395,0.6824464005202618
1391,0.6174615060742453
1392,0.5253240044447516
1393,0.5431308219099605
1394,0.2828674012784505
1396,0.5125581613627389
1397,0.27641425678959564
1398,0.6439731987653843
1399,0.7566432928240239
1400,0.7371793423992155
1378,0.47906443103635676
1390,0.7072443223856419
1377,0.43271171001934916
1380,0.617783020992167
1421,0.804428417082448
1420,0.666460321657619
1419,0.508839824474814
1418,0.5769898466877734
1417,0.730115959492983
1416,0.08506271756634909
1415,0.870505702786105
1422,0.894047383029129
1414,0.41573322790696415
1412,0.6637439284541221
1411,0.7635203880390302
1410,0.1913717173762343
1409,0.6269093467403306
1407,0.6539645314007947
1406,0.5379494290639049
1413,0.9675938819714947
1405,0.6399985776323692
1423,0.6624447121085293
1425,0.25151636911841424
1439,0.8723761689734371
1438,0.5347777079807036
1437,0.5492457244999773
1436,0.5286530453303514
1435,0.5187443615681915
1434,0.573027024423471
1424,0.4976215139871971
1433,0.3579154360672294
1431,0.6712442838205512
1430,0.35699179585366825
1429,0.4058249120761241
1428,0.3689180632452444
1427,0.3390829967412521
1426,0.5276834470851375
1432,0.8070627965848829
1404,0.4443405876351948
1408,0.9488890120856103
1402,0.6900009818145353
1403,0.3155192432207146
1401,0.7930046943828214
1487,0.5025914763182426
1488,0.37314950556010373
1486,0.7925558304535748
1452,0.5964533136671898
1453,0.33441103875339107
1454,0.3859460164021209
1455,0.4409878695365166
1456,0.30533845793384895
1457,0.7708620952823202
1458,0.7405865832698812
1445,0.19972642955628972
1451,0.8208752568748467
1440,0.4167370701265832
1441,0.3528661170238511
1442,0.7437866476287005
1443,0.10743442033017125
1444,0.5469575668647645
1459,0.7734616109970279
1460,0.7089258222060105
1450,0.16367750332111658
1447,0.5806435260505949
1446,0.5672789107525379
1448,0.35785448861894553
1449,0.8688020405526259
1345,0.6673422886588742
1346,0.4515941603901118
1347,0.40146676066367065
1348,0.5858774916013775
1349,0.5557526679862655
1350,0.5495106311971949
1360,0.8217667118533493
1353,0.6026166940495727
1354,0.4939015965161858
1355,0.6919749545503073
1356,0.4392986123395809
1357,0.6002565849695873
1358,0.7208070011271067
1359,0.6490920128700247
1351,0.5129741946516926
1352,0.8048486346036126
1369,0.625535549618117
1361,0.2801750024103171
1370,0.5226570982901351
1371,0.5924044077546323
1368,0.5738382735554495
1373,0.6703019431511307
1374,0.5212922921862131
1375,0.31633537807616363
1376,0.7819983535402961
1372,0.5897688782025102
1366,0.7208797811962253
1365,0.6105242863588265
1364,0.5776539753082897
1363,0.5462098288649468
1362,0.6965817416844962
1367,0.7634763556664571
1476,0.6362882531005986
1485,0.616908795243042
1484,0.6229652697553738
1483,0.26446284032323775
1482,0.6315099167651598
1480,0.3006983451098557
1479,0.7182244852116573
1478,0.5460337574046881
1477,0.5491308038156962
1475,0.7467028699808962
1481,0.6279220978366152
1473,0.358531431812767
1461,0.294734738461926
1462,0.4699802814917896
1463,0.8223657414946233
1464,0.47491254393789356
1465,0.8185815066238926
1466,0.2527761773713081
1474,0.5088434942386346
1468,0.3547563159045317
1469,0.673719338117611
1470,0.7505899228820291
1471,0.3180494118333075
1472,0.5289854496562916
1467,0.5426187372572989
1489,0.2373228368512349
1490,0.7314051752426712
1505,0.44009582038886624
1506,0.36759696784489154
1507,0.38774914633270474
1508,0.5570446739031851
1512,0.6485583344952601
1510,0.7776570841099053
1511,0.297144064818765
1513,0.8878450353330533
1504,0.17512802336197475
1509,0.6994572783886429
1503,0.5374785797341167
1498,0.45892370076307376
1501,0.7702575900465425
1502,0.5757728611403274
1493,0.40585228723506406
1494,0.7108322399031258
1495,0.25680810841551605
1492,0.39501135484027083
1497,0.43282014567735727
1499,0.847647157559906
1500,0.4238271990859773
1496,0.12989809975030409
1491,0.6702925274740381
1525,0.459791352660754
1532,0.8583260608676353
1531,0.8918423782801146
1530,0.44812802186738
1529,0.7473142672575417
1528,0.47186127208441697
1527,0.2485649361997505
1526,0.24405332982160804
1524,0.6135597529388901
1519,0.520823101551628
1522,0.5834483974244582
1521,0.6358542016764606
1520,0.8605330090181241
1518,0.5877076712985221
1517,0.6980307758087494
1516,0.5730864960222648
1515,0.9004087177907152
1514,0.7178678748906835
1523,0.43715545096186464
1587,0.39520773563710854
1586,0.577539539890987
1585,0.5514387870835211
1584,0.6131661019667605
1583,0.8255650940516459
1582,0.28543053716708927
1578,0.33865399101069416
1580,0.6511222259829762
1579,0.7632557961444157
1588,0.4098990116411444
1577,0.5390063578373276
1605,0.726414061556678
1575,0.5159074274269743
1581,0.7623121884199346
1589,0.7801296412772376
1593,0.440203866561482
1591,0.320158269771052
1592,0.7785395624153243
1594,0.7463399358883227
1595,0.5735199986742641
1596,0.8708275826120313
1597,0.5202638265298162
1598,0.5260185241202284
1599,0.4798284664785799
1600,0.41607387727470435
1601,0.5757578667044388
1602,0.8125214851111465
1603,0.7594082598335445
1604,0.7128540726320196
1574,0.19679997828256315
1590,0.4822578998470688
1573,0.3803073142148437
1576,0.8917403625685896
1621,0.5887548357218894
1623,0.6758721576268387
1622,0.26212440955573435
1620,0.4631568023061734
1619,0.47431540791725535
1618,0.3779750140951865
1617,0.48146063906575076
1624,0.4239772586322458
1616,0.5083331705963752
1614,0.6372472667530231
1613,0.7520306161191068
1612,0.6393896185409972
1610,0.3656798882627184
1609,0.7851847950849976
1608,0.19450651457381685
1615,0.5319342368041029
1625,0.3841030369285606
1626,0.3915822754658978
1627,0.6227606344434818
1642,0.6061746647001112
1641,0.32816359402378037
1640,0.4249396030382575
1639,0.5247017497431848
1638,0.45562557833714024
1637,0.629377499875396
1636,0.6235452083334019
1635,0.42695849245994455
1634,0.5010552606899955
1633,0.773698976539883
1632,0.5726188241825356
1631,0.4572847751676554
1630,0.6621347757788956
1629,0.7093647155815758
1628,0.4113621964811768
1607,0.336586933824368
1606,0.5946871257762476
1611,0.5898158896127073
1533,0.3685821873090145
1552,0.3960881466098938
1551,0.5160952883798486
1550,0.5860026726567334
1549,0.3253227176380896
1548,0.7961341438533303
1547,0.36155778062407296
1546,0.8107406992537892
1545,0.4056115753267167
1543,0.5541227206510897
1544,0.7793309769532082
1541,0.21081127825202106
1540,0.8016667594976622
1539,0.7842623475084004
1538,0.7961661571119718
1537,0.5115956897543306
1536,0.32716980955946384
1535,0.24416564531446927
1542,0.7377047176154427
1534,0.22143329409812462
1646,0.37539276284309864
1674,0.815862281066778
1643,0.5949602831436083
1673,0.2849819254458068
1644,0.7598600983836348
1645,0.8155910714188186
1651,0.49046305397408124
1648,0.5688763061177597
1649,0.42082287252255524
1650,0.5603018020278852
1672,0.6584384967202828
1652,0.4951564541792907
1653,0.89557279182498
1647,0.5496181015025484
1671,0.5562831971614901
1661,0.6461697614228151
1669,0.6198571585167999
1668,0.8821593693436234
1667,0.6042654018062751
1666,0.39187838717382434
1665,0.38643256164258777
1664,0.22893981762748694
1663,0.521783737084231
1662,0.32595267292238156
1660,0.7699815839218278
1659,0.6221185243717405
1658,0.5514174849747079
1656,0.415171831347125
1654,0.8443588669445851
1657,0.551830282035764
1670,0.5935254246610975
1655,0.23022834474452486
1684,0.6480008294948864
1678,0.834206512518619
1683,0.8867085750238409
1682,0.5440151800886457
1681,0.3884723225297825
1680,0.3383858924723074
1679,0.786122776328725
1686,0.4197173795799218
1688,0.6064087309066226
1689,0.49124240953379206
1690,0.8314794023551291
1691,0.4617412247801459
1692,0.7100806607288236
1693,0.3822765446571593
1694,0.3808595698706896
1695,0.5849246622113797
1696,0.8499497336346242
1697,0.7713899007599254
1698,0.6997659269740872
1685,0.3302245793338231
1677,0.7032803642293063
1687,0.6346647375717204
1675,0.6260784896409777
1676,0.39364756160881614
1553,0.7829741114245645
1555,0.6976095582047576
1556,0.6146749326397662
1557,0.6706471154113884
1558,0.10325853335922675
1559,0.6927970718940091
1560,0.5979377372839169
1561,0.6648640289591248
1562,0.5821559864219714
1554,0.8694740018859263
2701,0.6804925203369735
1563,0.6286319713908027
1571,0.6555593415589235
1570,0.4354829342602832
1569,0.6162228332155861
1572,0.4118285954462262
1567,0.8019361829972703
1566,0.5185958500852923
1564,0.7476804074236623
1568,0.4649163639248556
1956,0.27621625853810405
1962,0.5465094876112158
1961,0.5843939592014509
1960,0.5711307176678639
1959,0.8736299152337889
1958,0.5400361335751552
1957,0.7924336324006641
1955,0.5204807476237193
1950,0.474571560200846
1953,0.888407550033078
1952,0.6367991256521207
1951,0.4448747579757133
1949,0.9176730237736423
1948,0.6396468809938486
1947,0.7549147553828307
1946,0.6995534243806616
1954,0.558299319139827
1945,0.44472078126167736
1944,0.36234580088938384
1705,0.6582332837576277
1703,0.7183856807687987
1704,0.35125383802196997
1700,0.3165325405093843
1706,0.5146683950346786
1707,0.609914145804779
1708,0.7468236124708867
1709,0.5856755154443205
1702,0.5539709564230562
1710,0.5896699005345407
1699,0.6786922311800827
1701,0.5539641881286012
1758,0.519554692494061
1757,0.680727509512971
1756,0.8125949187562628
1754,0.4290336785625153
1753,0.5904600736414899
1752,0.5811731863285805
1751,0.6258777195851419
1719,0.351709119858583
1711,0.2936067107578094
1712,0.9243670306318114
1713,0.40223194278995356
1714,0.8186164138470023
1715,0.5267324844364171
1716,0.8156343915881911
1718,0.6640221181906228
1717,0.7408187777037523
1750,0.17542585838723346
1749,0.63847154294064
1755,0.5162735361675741
1747,0.8867833416239319
1720,0.8050604383049808
1721,0.6641870109970501
1722,0.6626935735877001
1723,0.7942944425029594
1724,0.4383061375813533
1725,0.7073693743738697
1726,0.32065802653852943
1727,0.5912481887425841
1748,0.6097209381644344
1729,0.4840987073293924
1730,0.628367711452598
1731,0.5174285410963008
1732,0.9548710766028015
1733,0.8900083720789905
1728,0.6451931606825381
1735,0.7123625169359886
1736,0.5935760103632591
1737,0.6112552376131956
1738,0.7350982334769419
1739,0.4189962318364664
1740,0.5522148879735129
1741,0.4645011371127644
1742,0.47657161415685734
1743,0.7560743305596108
1744,0.7988573249633243
1745,0.7537024711485978
1734,0.6827502888729379
1746,0.7211912631014382
1798,0.7198824985172142
1795,0.6512917990770148
1799,0.6935121096077994
1796,0.5765316092016679
1800,0.419509607334108
1806,0.5753699290886353
1802,0.31629970652389994
1803,0.7683868015818873
1804,0.8475023897369813
1805,0.8296459337562382
1794,0.6335315334034698
1801,0.27916886474717323
1793,0.442017839412268
1797,0.7796096183668144
1791,0.6305074888421347
1764,0.7221790307117505
1765,0.9316508041390114
1766,0.588138439869222
1767,0.5403736472219799
1777,0.6984589177656801
1769,0.49258925733335973
1763,0.29041686012291057
1770,0.2731806425614006
1772,0.6355230093225157
1773,0.5419951315752032
1774,0.6860803520275631
1775,0.8912272798250025
1776,0.7535539603132152
1792,0.37768799553445126
1771,0.5693263374716925
1762,0.160340866720204
1768,0.502722372106827
1760,0.8028744828046102
1790,0.6845148625756463
1761,0.400649362169718
1788,0.4842171514442077
1787,0.6164757572648486
1786,0.7927037159168746
1785,0.6840034537942605
1784,0.3890411709047399
1789,0.26188121985880985
1782,0.6131925350138097
1781,0.18214251849640384
1780,0.7135418385803778
1779,0.7198640771152345
1778,0.6328447502398581
1759,0.5569149637345587
1783,0.5443454292293178
1843,0.24567318571594332
1844,0.43007399499463483
1845,0.4979075833230307
1846,0.29238197183766723
1847,0.5869773473215448
1851,0.8571474840550387
1849,0.5333973254652224
1850,0.7646511809516701
1852,0.31029332317339886
1853,0.70860229168386
1842,0.3041822517292635
1848,0.9097558141911923
1841,0.8875995907305313
1854,0.6003415647832422
1839,0.5671103839349997
1824,0.22975954498391526
1823,0.6321297674374284
1822,0.8733894032539811
1821,0.5200296552069961
1820,0.553020111097365
1819,0.8392274732316821
1818,0.5031746085170054
1816,0.5332925095578825
1815,0.3653194450926247
1814,0.6229659964756796
1813,0.48133653705761137
1812,0.3250278616570953
1811,0.5481156601749669
1810,0.8481923854713098
1809,0.7398865210874819
1808,0.5061093041361941
1807,0.5904350916992619
1840,0.519859503819224
1825,0.6217567904966699
1817,0.7080575130661121
1828,0.8913736918491186
1826,0.22333468894299385
1827,0.6317590548766476
1829,0.8054121192315086
1830,0.6196519076010482
1832,0.5296058169824989
1831,0.6853390051144991
1834,0.7441184667804223
1835,0.5028586159214938
1836,0.7780618633123799
1837,0.5808593721254833
1838,0.494591760209094
1833,0.6572331880551379
1968,0.410924573033903
1970,0.7668663483853331
1969,0.7368837072357768
1967,0.9318777326305125
1971,0.6117457795317417
1965,0.46750071463846754
1964,0.8383125416964352
1963,0.7413681108537464
1972,0.43197355807655247
1966,0.4203490789484361
1973,0.780869505705726
1982,0.4942742546958879
1975,0.6218938217848345
1976,0.5220073434769696
1977,0.37455133916763506
1978,0.555345699550014
1979,0.9240503919447832
1980,0.41927357222389483
1981,0.8806065876489687
1974,0.6146038966099068
1870,0.4323710385504922
1869,0.7046331159158987
1868,0.6933056172928118
1864,0.6025105669827489
1866,0.4498058257653128
1865,0.7285292320645435
1871,0.44818768043586665
1863,0.28971239333277476
1867,0.5880003952061605
1872,0.6297825407309172
1855,0.3286877365595369
1874,0.579224995777731
1875,0.41749140104638105
1856,0.6222845521673708
1857,0.7797663629837476
1858,0.5469308775027513
1876,0.8225270285117887
1860,0.3272552775471111
1859,0.34293393935710553
1861,0.78689937452606
1873,0.2257512937309192
1862,0.45411441635803573
1906,0.39079256895269654
1879,0.8508965559811474
1886,0.5291991465084
1887,0.43480101408022104
1888,0.4356085417300719
1889,0.5941848655884913
1890,0.5913225393788355
1891,0.36389298119447905
1892,0.36861657626584354
1908,0.25866031729472005
1907,0.7608350162040945
1877,0.5011850725308424
1905,0.7551486547641388
1904,0.7958276557827063
1903,0.36708684179247336
1902,0.28392326152913433
1901,0.5126536621189173
1900,0.4425602883480221
1899,0.4474560195889892
1898,0.5707583233067705
1897,0.622358414905505
1896,0.6992445747909043
1895,0.7262653274222924
1885,0.6954317960883496
1884,0.3800883471357547
1883,0.48790512602345487
1882,0.25194917998587896
1894,0.6878816830060976
1878,0.6340376021014846
1893,0.9092733380604964
1881,0.646141029954571
1880,0.8200629007177827
1983,0.6953211680484679
2000,0.5611930805612606
1999,0.7082402239904254
1998,0.6791716988873648
1997,0.2364343105607336
1996,0.24012856809459204
1995,0.6792620109914009
1994,0.7225633863826992
1993,0.8425786704609732
1990,0.6859049035192978
1989,0.771011624678259
1988,0.6124427283692162
1987,0.8070629423537493
1986,0.5799380100116287
1985,0.8461045970460438
1984,0.3300801746762504
1992,0.358956827319723
1991,0.8820857933137151
1917,0.5979513770041941
1918,0.7910630354229615
1910,0.39755647331946065
1926,0.3698904845564789
1925,0.4714116170223669
1924,0.6424345136426459
1919,0.4291386593305043
1923,0.25962327096973636
1922,0.41481537546976416
1920,0.4396884427377708
1921,0.7873493429259392
1916,0.3829398075519748
1915,0.6731169963517087
1914,0.2811771074389985
1913,0.6449786621568685
1912,0.472314382588989
1911,0.6295874254232774
1909,0.7390795673343251
1929,0.5536592452957032
1927,0.5733120898560101
1928,0.34019321113965456
1930,0.5124581987701036
1931,0.8506958004553941
1932,0.12329922434469971
1933,0.7257875153327668
1934,0.6453475242481819
1935,0.5228205103862389
1936,0.6387311638662265
1937,0.5332510221751632
1938,0.4755420488874267
1939,0.6737204674511645
1943,0.6227976595255175
1942,0.43711532152063654
1941,0.7844823455887001
1940,0.673887356187792
2018,0.793565147784544
2017,0.7259906775144769
2016,0.5922000312430475
2015,0.7697868187543334
2014,0.36283616086900616
2013,0.807625407231086
2012,0.307338640110044
2011,0.7504886606750145
2006,0.601226315643156
2009,0.7061130641887812
2008,0.6242788091442275
2007,0.39914674953372736
2005,0.6525991156675806
2004,0.6660639599410023
2003,0.6727438948014031
2002,0.7745213612539067
2001,0.5452553272659246
2010,0.6744614726711555
2047,0.7528068266206804
2046,0.3781274366121593
2045,0.3085374962317379
2037,0.4548285773551263
2041,0.4567154462306684
2039,0.5969584388343705
2040,0.491740632736654
2048,0.4936218716348365
2042,0.4655224534114994
2038,0.5806570440174637
2049,0.4917408269132112
2044,0.45508478189367974
2051,0.45397018870903993
2052,0.6389548563749109
2043,0.4970970584335421
2050,0.4961127270859128
2053,0.5933639101881282
2055,0.38002025615523827
2056,0.7067958754656121
2057,0.4676270528271301
2058,0.5174649054524587
2059,0.11915928746326579
2060,0.5751514650899655
2061,0.2989439695362311
2054,0.5670300924226631
2026,0.4176948455226096
2035,0.5156351047729946
2019,0.86619538443775
2020,0.827532517218351
2021,0.8504612424727334
2022,0.4191605930790459
2023,0.47865396157745643
2024,0.4166087345014511
2025,0.15040744368913309
2036,0.6626929508156981
2028,0.5139492629368329
2029,0.5272376593139746
2030,0.8083272691723701
2031,0.38528956042535745
2032,0.5778282467950103
2033,0.3925829599435651
2034,0.43813329950214863
2027,0.44591521094509623
2070,0.26136419484932377
2069,0.4370360725191723
2068,0.5180316107502482
2071,0.7503366033378842
2067,0.6111697494932855
2065,0.43836798741118943
2064,0.635974832136832
2063,0.44191711164188086
2062,0.5053913132328796
2066,0.5872439959305549
2080,0.5988814566248217
2079,0.40867024001890456
2078,0.2554216586725404
2077,0.7672471120297757
2075,0.773390459462912
2074,0.7039344911431591
2073,0.6340027000612625
2072,0.7003058389875445
2076,0.5633577930890531
2081,0.7185350679513843
2082,0.8864014378615664
2083,0.7760623639323372
2084,0.8052598204501404
2093,0.7244993827559116
2092,0.43090911265270504
2091,0.8963755643020839
2090,0.4421731926024308
2088,0.8771735742669409
2087,0.5724929703941404
2086,0.7915674984504001
2085,0.8039923833610679
2089,0.5027584030438595
2094,0.43644494430963243
2095,0.3032093680389723
2154,0.8127929011202677
2153,0.8083235756240406
2152,0.6760616161126396
2151,0.8956742142383307
2150,0.8720707756364694
2149,0.6967332545937392
2148,0.6116999782017206
2145,0.5333983180185832
2146,0.4825523680445344
2155,0.4691106301632666
2144,0.5065581363356197
2143,0.48491563203897636
2142,0.8643794078133303
2141,0.6754930897653597
2140,0.3502190735105985
2139,0.5963518118946585
2147,0.8033534146517676
2156,0.6024141183634893
2160,0.5408869899154798
2158,0.7152744696236695
2138,0.7168004026830532
2175,0.8626077427567663
2174,0.7876109131226021
2173,0.8412166839500069
2172,0.7742429395596597
2171,0.19106394420785622
2170,0.9495628712468046
2169,0.5346180563003524
2168,0.3361185075300839
2167,0.7120736237539204
2166,0.7851911589699414
2165,0.7526820903003018
2164,0.6169174624998705
2163,0.7788127092266858
2162,0.6783818193338346
2161,0.5210439299741433
2159,0.5588332396484768
2157,0.9355329837428077
2137,0.25938475520136617
2111,0.742779491233536
2135,0.5778636262202579
2113,0.7690386516045686
2112,0.41580168341495427
2110,0.5131145894454447
2109,0.7544033926934841
2108,0.7435830815972607
2107,0.8988623107785161
2106,0.5453603992720416
2105,0.5721618637557048
2104,0.8041140370027491
2103,0.45535830242356223
2102,0.4769827780624312
2101,0.7160731933796245
2100,0.8028497523158589
2099,0.5950276111422304
2098,0.4437198603615672
2097,0.7133017495283323
2096,0.6174312311051934
2114,0.7390896510634766
2115,0.49160175692250074
2136,0.7994773848088494
2117,0.31159041821146405
2134,0.6041316942613572
2133,0.6582716705282634
2132,0.42341958847612216
2131,0.724804964823645
2116,0.6314197729096827
2129,0.7613646226248034
2128,0.7891509553862305
2127,0.5765568510324037
2126,0.8563671425146457
2130,0.780682375655726
2124,0.6052872680870736
2123,0.8678610918055105
2122,0.48295012017813527
2121,0.8477402599107988
2120,0.6343321168074284
2119,0.7321156118993641
2118,0.8291838605285163
2125,0.6755093494881345
2189,0.6200187676852067
2190,0.26948676920248726
2192,0.7104627771653969
2193,0.48879284586497646
2197,0.6404294098530867
2195,0.1240866697121141
2196,0.4908996963764283
2188,0.8811374762576967
2194,0.4935086180339688
2187,0.7669922878852574
2191,0.7704882091300942
2185,0.47733919754880627
2186,0.45886310169887723
2177,0.5347531498802252
2179,0.623945903926149
2180,0.6228912157485771
2178,0.5612449314253164
2182,0.8795012367967536
2176,0.5382075993268629
2183,0.4990735665838465
2184,0.4609741029846164
2181,0.5915564607803998
2223,0.5179024496652023
2218,0.3532043172877897
2219,0.6299450801375711
2220,0.7183699767292522
2221,0.6649080921929117
2222,0.7121469377261602
2224,0.6191131810372097
2230,0.6116100119870569
2226,0.7104836414009401
2227,0.8782058685588588
2228,0.5557292457440594
2229,0.5509610302734922
2231,0.5417380904491964
2232,0.37287806018192515
2233,0.7839144865053388
2225,0.6921610271275629
2216,0.5017058125812596
2217,0.5187550265979634
2214,0.6828282041771203
2198,0.41665521114257653
2199,0.4606260591301158
2215,0.5427303493698016
2201,0.8965628402567354
2202,0.6892812070381859
2203,0.12193487447016968
2204,0.6621302603767101
2205,0.392337014927311
2200,0.6213856629469132
2207,0.6462123027308853
2208,0.5514810350083041
2209,0.4736548368827384
2210,0.3102261944673122
2211,0.5956874984179439
2212,0.46295825875226226
2213,0.7605349308752642
2206,0.7608672428398039
2250,0.19093225148192627
2251,0.6785170141960377
2252,0.5905676746383353
2253,0.4613703883713769
2254,0.8647175017959576
2258,0.6153671941217776
2256,0.6499380882814862
2257,0.3734661646369598
2259,0.6180823508441424
2249,0.5821169659285786
2255,0.8588219883591227
2248,0.5664916957783256
2242,0.5033033942244207
2246,0.8482029431990105
2247,0.8154615371378969
2235,0.2684847379254077
2236,0.40699916115903634
2237,0.3850313420148869
2238,0.6002572977973726
2239,0.5305350181784053
2234,0.5245093774684856
2241,0.8065678272297564
2245,0.6245552827289909
2243,0.5506770718252197
2244,0.32425702105102
2240,0.33965462959685216
2280,0.8588649927899158
2279,0.1857965008281383
2278,0.7100216422527226
2277,0.8294502188126499
2276,0.6679195399653028
2275,0.7462391326892018
2274,0.7077003479720795
2273,0.6111746196525227
2272,0.12513338803851934
2271,0.8106465137002762
2269,0.6906972870018163
2268,0.7589587682063692
2267,0.7090921115367286
2266,0.2394975879196629
2265,0.22581353707495452
2264,0.520684263800965
2263,0.7672673530963401
2262,0.24504814010848944
2261,0.4114469878494407
2260,0.21707193691761073
2270,0.6776080800832844
2286,0.7753745675373643
2285,0.387235536424106
2282,0.46325312992550405
2281,0.5421071891834625
2283,0.8714533196352962
2287,0.522337351792822
2288,0.528866053013094
2289,0.394562765822824
2291,0.5521014484520312
2292,0.35529790532891015
2311,0.4384981639220868
2312,0.4727062198637514
2313,0.6592094226283025
2314,0.6941576031945358
2317,0.5244589540183185
2316,0.7520140583496386
2310,0.45234881254487824
2318,0.29825162114140225
2319,0.30406337813856377
2320,0.6474798058590616
2315,0.711910761556301
2308,0.7155770681293505
2305,0.2743387495843386
2306,0.8192233659419336
2298,0.8066968399764007
2297,0.679826358601799
2296,0.43821683295701863
2295,0.39013716358885975
2293,0.3173640583753543
2307,0.8055734443160881
2375,0.7348711277534802
2374,0.9383262826153913
2371,0.7929412123084021
2373,0.6104178099398875
2372,0.11342171668855258
2376,0.24553652059345532
2369,0.17414609991872998
2370,0.1922775698851023
2301,0.5175534057287902
2299,0.6364446309916582
2300,0.7538918828830835
2303,0.5909412267462559
2304,0.7784376712842689
2321,0.5191773106848127
2322,0.7008172252784977
2323,0.8282123984067754
2336,0.6233830957567428
2324,0.376376055579983
2334,0.7466339064403915
2325,0.3742076158453897
2326,0.6429925164228211
2333,0.6074475378598054
2332,0.601099670501678
2328,0.7885976579180066
2329,0.3920774334727971
2330,0.6642046879226791
2331,0.6899590708178365
2335,0.8885602509256669
2377,0.69876349096004
2379,0.2277160024772864
2380,0.43146805945127786
2381,0.7745545185201477
2378,0.5077625455236925
2577,0.4211213525338271
2579,0.5219007156129789
2578,0.4992758982584999
2580,0.7406151128530369
2575,0.6475011644092168
2576,0.616184065882067
2347,0.603289638354304
2349,0.764221976470278
2351,0.6952539557386014
2352,0.6170807385144785
2345,0.5642401358597164
2344,0.6508583273330146
2343,0.609261209936971
2342,0.67187485295674
2341,0.7348575999374278
2340,0.6554915795222513
2339,0.47316818796048665
2338,0.2291286618610492
2337,0.5446100147991622
2348,0.7357053604015065
2346,0.7342775192415314
2382,0.5472352508573809
2383,0.7928235588317329
2356,0.6903278546492624
2357,0.5660043672427701
2354,0.5373766883545741
2358,0.5256288689102763
2359,0.6171774809011416
2361,0.4760442179853429
2362,0.5446404369444852
2353,0.3696411972381851
2363,0.4165403821073485
2360,0.7517509558021952
2364,0.36807865823295804
2366,0.43357471623663224
2367,0.2548145483464099
2368,0.6715408040314705
2355,0.7109717980021852
2384,0.2857657754246151
2424,0.21506049450650963
2416,0.9042143900661597
2417,0.10447521336467243
2419,0.38687091773484533
2420,0.6376478122505507
2421,0.6919848332410317
2422,0.5840821799885918
2423,0.5584667962766492
2425,0.8450938164441976
2432,0.45386487703764156
2427,0.586750195687857
2428,0.6631004289491339
2429,0.6728808879932877
2430,0.7144581631449312
2431,0.6970488130994077
2415,0.5945482483316673
2433,0.8490521602622194
2434,0.37427695956722423
2435,0.3848980439889087
2426,0.7363684520509234
2414,0.08674811284712004
2418,0.44062188177068357
2412,0.6357404638257629
2385,0.2019812708688901
2386,0.7844267982061239
2387,0.47287213317651156
2388,0.8410386008943961
2389,0.7176443451997394
2390,0.848235863831845
2413,0.38665042373872677
2392,0.6898216667553226
2393,0.32325942514024963
2394,0.6781580727474458
2395,0.22068585701568857
2396,0.48959555068516325
2397,0.6885853301285821
2398,0.08844142745204543
2391,0.7584102343416705
2400,0.663517987128946
2401,0.41840525367964176
2402,0.5099737142600032
2403,0.6968098697665113
2404,0.6373960749080614
2405,0.5430162658918883
2406,0.1565557842210517
2407,0.5119087433987339
2408,0.8297910350850469
2410,0.8138889463375463
2409,0.21293965643087598
2411,0.5567433236761756
2399,0.6786428012735973
2464,0.406458683120627
2461,0.7098559272392397
2462,0.12093624372506667
2466,0.08916754502565923
2463,0.5832353535127445
2467,0.8418500086069598
2472,0.4464827664593164
2469,0.48518157579753457
2470,0.31695173795081916
2471,0.4237959445355813
2473,0.8978033329778796
2474,0.3089750857005104
2475,0.4753434862786779
2460,0.3905441511660033
2468,0.1795207420747415
2459,0.5595422015424725
2465,0.5696544319886251
2457,0.566267017356742
2436,0.26553629921871114
2437,0.5960399980190166
2438,0.29259540561201147
2439,0.5558272150039931
2440,0.5267298899839612
2458,0.6447780057382125
2441,0.3501606084819543
2442,0.3099066904861365
2443,0.7268947692404368
2444,0.6981073178677462
2455,0.40867470072076856
2446,0.26071936790492695
2447,0.8222518808862873
2448,0.6562250755841454
2449,0.5432008414847153
2456,0.6090571108467852
2454,0.9043652679317727
2453,0.8494867723811281
2452,0.6998161169141701
2445,0.5952526477402809
2451,0.571489167325326
2450,0.8079459639742774
2606,0.39882201998108835
2607,0.6894243771024738
2608,0.43636892151561846
2609,0.851993018619234
2610,0.5406183226842514
2614,0.93424811899783
2612,0.6207680502809849
2613,0.896844723777446
2605,0.7931943494392016
2615,0.5918590411307904
2616,0.4394792459175187
2611,0.0776956957447426
2604,0.606881857892177
2600,0.4710734777245098
2602,0.5320226940179533
2581,0.7576269797751658
2582,0.5096389289586294
2583,0.44748825079113497
2584,0.6355384751675563
2585,0.3267587022751451
2586,0.6267411573103134
2587,0.5651621683667559
2588,0.5629954822082195
2589,0.8375684643839456
2596,0.6109433122228644
2597,0.33723346903933127
2598,0.31450127458944976
2599,0.3061279932763511
2617,0.5676145097043435
2601,0.960451497314747
2603,0.7051853332298672
2618,0.7242397203855291
2621,0.5071395788486099
2620,0.3898449667608165
2622,0.9436842002320806
2623,0.8945441483498614
2619,0.6506381183153498
2490,0.9056159816677003
2489,0.7198379154082457
2488,0.7211350977111447
2487,0.2963055099552098
2486,0.27380641772978775
2485,0.7580570270023914
2484,0.43853838902843373
2482,0.13338190258630464
2481,0.28236779941598994
2480,0.689243511846696
2479,0.6951412980855047
2478,0.5405237310325091
2477,0.6816917178690362
2476,0.642431850696796
2483,0.37940973878216544
2491,0.19823482106599416
2493,0.781848551314975
2494,0.3717973767012501
2509,0.2993690323510664
2508,0.4266023035660188
2507,0.40422823593537915
2505,0.5741560780759367
2504,0.7271639263222541
2503,0.8712250090952565
2492,0.20581516226617932
2502,0.5432825469646902
2500,0.6226780391945671
2499,0.8787091351988394
2498,0.7093732850429639
2497,0.6258960985342533
2496,0.8084228736356218
2495,0.5612291969833774
2501,0.20479133137925898
2506,0.7536561963259715
2527,0.5988858641955864
2540,0.7607168723877642
2541,0.37044286042443403
2513,0.842606696529194
2539,0.16146148856274664
2538,0.7188015489492151
2537,0.7496737653280958
2536,0.28174386778875093
2535,0.40635976057186335
2534,0.6349893227627003
2533,0.7702143523112093
2532,0.5454445553453565
2531,0.7023662868245191
2530,0.6142474528927444
2529,0.35693710692855374
2528,0.21287419228402868
2526,0.7024238850893749
2525,0.5634579858501672
2524,0.7233215711739985
2523,0.4122930016982706
2522,0.7952068225867528
2521,0.46021239276043435
2520,0.3032711434528639
2519,0.75044429560717
2518,0.818926847453439
2517,0.6553228077336987
2516,0.4072386162459467
2515,0.541512453256432
2514,0.5038379060981915
2542,0.5695903504385228
2543,0.39937946946433367
2512,0.641678949966386
2545,0.3888034839276332
2511,0.4159284236779747
2510,0.7651474071514159
2544,0.5670131998223116
2699,0.7513018870869571
2698,0.5360782996386771
2697,0.7713344527183245
2696,0.9148687564321722
3576,0.5981886542299457
3575,0.43065052480164034
3570,0.5605872368736035
3578,0.608139789424716
3579,0.7396442209887455
3580,0.5064936626592674
3574,0.8338395191898766
3573,0.20713565926260685
3572,0.703580616345628
3581,0.5848387487800123
3571,0.2877167355599882
3577,0.8029730152014978
3569,0.46911870378659254
3565,0.2908281443473677
3567,0.7207492901715623
3566,0.43505633241703073
3584,0.5743013458907169
3582,0.7758148560848799
3568,0.7606583010370953
3583,0.4866990964756952
2700,0.21876938391193868
2595,0.22928508547851661
2594,0.5493018870755119
2593,0.5608624529875288
2592,0.8009688333539182
2591,0.5126597371401515
2590,0.7589845675058835
2554,0.3965200544761426
2555,0.45586307606886933
2547,0.47911580889844835
2550,0.6786047762744067
2551,0.4004457464515312
2552,0.6168843062211428
2553,0.5582109084807583
2546,0.4480773142542117
2549,0.6882696385663298
2548,0.40729378460485144
2556,0.5409676276585076
2557,0.5766405673200642
2558,0.5103952569886656
2559,0.5346927521872352
2560,0.23903768131388523
2563,0.26222005130043846
2564,0.7082421496170284
2565,0.4478649438371465
2566,0.5118981516045019
2567,0.7224684509466621
2561,0.34591043697008983
2562,0.7992191351234527
2568,0.9288573061629203
2569,0.9234028881961389
2570,0.7919928569949723
2574,0.6176674964445846
2572,0.35037184927887866
2573,0.6406339985873019
2571,0.5675792923290041
2705,0.5313084007601457
2704,0.44355451522837464
2703,0.35558366054387236
2702,0.6362570056459587
2707,0.5487999673580535
2706,0.5883552756086979
2710,0.39591092746669193
2711,0.5818850181715098
2709,0.3779815628306302
2708,0.44427050968093096
2660,0.6427804319915518
2642,0.32570796959459286
2643,0.8557046179743891
2644,0.7638841817673668
2645,0.6217307283798901
2646,0.5816169155858167
2647,0.8400522792540374
2659,0.37107564281516914
2648,0.8564307968459399
2650,0.7211610292516039
2651,0.409003254658733
2652,0.3511763720480864
2653,0.756799107568662
2654,0.35440844270049665
2655,0.5484885916769701
2649,0.327660260144769
2641,0.7309694634608663
2640,0.8049652045664478
2639,0.5744883411502815
2624,0.5594339663475658
2625,0.26444095904508846
2626,0.8461171065314819
2627,0.8652479332177556
2628,0.40712716783134206
2629,0.7326722539162475
2630,0.7130798867312965
2631,0.6463460953327221
2632,0.7816780731714178
2633,0.33062889473539153
2634,0.7372094594862376
2635,0.6212253735689608
2636,0.7008435815352696
2637,0.9311165940872623
2638,0.5180006084981392
2656,0.8227344366105409
2657,0.6024576843185682
2674,0.4076417560505259
2694,0.7505049935144323
2677,0.5407541090359296
2676,0.19485074005824518
2675,0.5086270139054556
2658,0.2624478297644899
2673,0.7433811991543426
2695,0.47333438223889024
2671,0.5318482472534245
2670,0.6622482122233497
2669,0.6458209054816618
2668,0.4878355922488373
2667,0.8920644960627596
2666,0.8618184274172711
2665,0.8115843699941371
2664,0.37116616100663724
2663,0.715793407045574
2662,0.7315258633569275
2661,0.8018090518781172
2678,0.842647179114972
2679,0.38308284969563877
2672,0.7891760073807258
2687,0.6900365271519677
2685,0.7417862934068336
2684,0.7231834535648425
2683,0.554313374114483
2682,0.6466121969616679
2693,0.42742650877214416
2692,0.4868898227281657
2691,0.664383725809812
2690,0.47280763069588594
2689,0.35993607903842256
2688,0.7389390938294816
2681,0.469232252462984
2680,0.3798130278701865
2686,0.5183787755524611
2713,0.5132549168577467
2716,0.47818805638751494
2712,0.3752143316929527
2714,0.6451399630025736
2717,0.5688591541667092
2715,0.5215300616632124
2718,0.45618885442458035
2722,0.6561304198591297
2721,0.6334091579218831
2720,0.43905824513401503
2719,0.6855654765771756
2752,0.6558303119659671
2753,0.46049779008245645
2754,0.4008916348391858
2757,0.42932789296029983
2758,0.5723918556547518
2759,0.7477066847670875
2751,0.7163267369200756
2755,0.5567455047853824
2756,0.7931243839540827
2767,0.49320927599582387
2766,0.5172044087134305
2765,0.4235233232985424
2764,0.4995788619595456
2763,0.7306142589535484
2762,0.43678973371956803
2761,0.6796778323879503
2760,0.40719344127010104
2768,0.730806723996894
2769,0.8112669182071037
2771,0.7307009338024308
2772,0.6827345004092135
2774,0.22970150687640545
2775,0.7705961312974863
2776,0.3856569883584445
2777,0.5491204611447746
2770,0.19795140233158914
2773,0.7151498969976936
2784,0.3773727166252444
2785,0.5544090099939385
2786,0.6617511614552403
2783,0.23298963078681234
2778,0.6229492864176222
2779,0.3140747287182052
2780,0.5734729441939423
2781,0.5048261739617337
2782,0.5000848464145335
2726,0.6852716605203705
2725,0.40965865438760685
2724,0.7767412007965954
2723,0.4021406511072444
2727,0.4501308676925295
2730,0.7858507646757846
2731,0.4603311533709471
2732,0.801067754667859
2729,0.7431035008139641
2728,0.7660145538504525
2733,0.8863877182581759
2734,0.8565863582036809
2735,0.5061410715979473
2736,0.5655764990994036
2738,0.4370218397279075
2737,0.6529252255453262
2743,0.7391296672804228
2739,0.8115345320573275
2740,0.39788047924786996
2741,0.404465828410726
2742,0.8503363588843179
2744,0.6562564305437535
2745,0.5899532552816792
2748,0.2957431537070887
2746,0.6015951634634958
2747,0.533239569368589
2749,0.47513887960593715
2750,0.6846179573511672
2791,0.4927247528299245
2790,0.3327374913586474
2789,0.45113582883710923
2796,0.5734313742416738
2787,0.8143035289864461
2792,0.4764021205519269
2788,0.46828344370492414
2794,0.3732252897768498
2793,0.7983651972191121
2814,0.7060817435728364
2797,0.6063796413440053
2798,0.6390678458030946
2799,0.7575415259072572
2800,0.6239321450874535
2801,0.6689482376476045
2802,0.7262107399251305
2803,0.48423562935421294
2795,0.9155898924008616
2805,0.6387723883518025
2804,0.49202818293721534
2807,0.8733970833128681
2808,0.36218120845711843
2809,0.9184604275093528
2810,0.7171015473713617
2811,0.6772410181828207
2812,0.505433904996698
2813,0.6224720643605955
2806,0.581754194087821
2840,0.47194937156929695
2842,0.5173508444091507
2841,0.7992526994150113
2839,0.4427245240338086
2831,0.5542332812499828
2837,0.6134811285971065
2815,0.7944238435096853
2816,0.46600127126366253
2817,0.707306409843498
2818,0.7062217458947979
2819,0.5980364737729623
2820,0.39335996774306825
2821,0.507802452563507
2822,0.492582191048759
2823,0.7161352618030257
2838,0.2960453393989146
2825,0.7221128756369867
2824,0.6382315613998124
2827,0.5715918356210206
2828,0.4604015410220351
2829,0.41815770707611566
2830,0.7480737874577639
2832,0.45794166593068997
2833,0.733832943233644
2834,0.4294388389285104
2835,0.7199332569238922
2836,0.38283712522667457
2826,0.7453215709159606
2868,0.6983046071531878
2870,0.5910831982416511
2869,0.6108947885382228
2867,0.7139712566774585
2863,0.8455086050467101
2865,0.7999664908277359
2844,0.4368953236956561
2845,0.3761804902136672
2846,0.5863489790336277
2843,0.5258535871532468
2847,0.4951898496431145
2848,0.26385764722985094
2850,0.6089811679829318
2851,0.859403571174507
2852,0.3110109274867693
2853,0.6333210890673049
2849,0.832928901689437
2855,0.6147707249013895
2854,0.7038454491222892
2862,0.5038968757952709
2861,0.6087688828759911
2860,0.3537275935220169
2864,0.7172504215009161
2858,0.3832927598902167
2857,0.8204399809014513
2856,0.640759357796346
2859,0.7250787409162545
2866,0.5578653031532004
2979,0.6796363983467388
2980,0.583669377519492
2981,0.9365999313531693
2982,0.6477788768296205
2983,0.8307537397488161
2984,0.8721615155129494
2986,0.8266936591274558
2985,0.940410986020166
2987,0.424100017949788
2989,0.7608373681452933
2990,0.7528099808109117
2988,0.6671204150585415
2964,0.3379338030419534
2965,0.5796857183158693
2966,0.9237110979886898
2967,0.744070735336277
2968,0.6803715268920707
2969,0.8843601288724021
2970,0.7663007386561448
2972,0.5470921833086884
2971,0.7862997238683697
2974,0.6251235809004061
2973,0.7695446755749017
2976,0.3562939821422123
2977,0.20791821064859087
2978,0.5000000037825256
2975,0.45976406185951985
2957,0.610461244796269
2956,0.20647923004776045
2955,0.4454862069593748
2960,0.5299128338050731
2959,0.5000533916116392
2958,0.7622938515397223
2994,0.6636506089650573
2991,0.9428270005540202
2995,0.47501153142790853
2996,0.3349915490879036
2993,0.5442243036582609
2992,0.8643781882692342
2963,0.6295126542962997
2962,0.6643081715551797
2961,0.4221407511384422
3000,0.6671919112787126
3001,0.5983423390317839
3002,0.7800951166173441
2997,0.7208210790872662
2998,0.8241384248380383
2999,0.8829613401929629
2901,0.603745561236553
2877,0.694526917692732
2905,0.36900819196215723
2904,0.7137750945957582
2890,0.8087496607343979
2891,0.42655192549082727
2892,0.9273046043796777
2902,0.4880684847142208
2893,0.7478990893416316
2895,0.4480075245914904
2903,0.5519667521539058
2897,0.5368244573963877
2898,0.41104390357746257
2899,0.5318568365207195
2900,0.7369289479809166
2894,0.4074473519851967
2896,0.7324613252284343
2933,0.49548100053628796
2932,0.8502443692099524
2876,0.7584940696186367
2875,0.6082296428819897
2874,0.8464416529543021
2873,0.6278735889238424
2872,0.4314249140988765
2871,0.8184326865029297
2879,0.7458191652133476
2880,0.6033688899071813
2881,0.4621486004849852
2882,0.9672247059371113
2883,0.9067835716051686
2884,0.587053798190492
2885,0.8062075077742965
2886,0.7584615013737328
2887,0.29253836651716913
2888,0.7119064982927998
2889,0.7759309281209394
2907,0.8272161836720857
2908,0.4217290596003677
2906,0.7147552411741591
2910,0.44558247779235727
2909,0.7375738196799836
2951,0.6722117483746639
2950,0.585039121798918
2949,0.7297679510201871
2948,0.4281824396575721
2947,0.538395526832083
2946,0.465940262763028
2945,0.22356491984709737
2944,0.5945241510385603
2943,0.7163421651292512
2942,0.25575420830813067
2941,0.5578723197893931
2940,0.5227075044793364
2939,0.8275246157990012
2938,0.5756765558612935
2937,0.5872566588430634
2936,0.5429832552016913
2935,0.2900434347483566
2934,0.6091275602085023
2952,0.8057080873626129
2953,0.6543006885916796
2878,0.6709202214366136
2931,0.5735815910566683
2911,0.15671614561899108
2912,0.7334646079119839
2913,0.873491681321044
2914,0.5187164136555167
2915,0.5524252758788032
2916,0.3367324902360643
2917,0.6596778006348847
2918,0.8285942150969317
2919,0.4154199218407487
2920,0.47255879829428327
2921,0.33883668577854553
2922,0.5852591409357765
2923,0.48345539730894943
2924,0.39667545387902553
2925,0.5386586775861099
2926,0.5000000037825091
2927,0.35967596569363675
2928,0.5204800989735887
2929,0.6341958231054591
2930,0.427214292235379
2954,0.331439933249552
3008,0.534273401771397
3007,0.7115884569160505
3006,0.6288595772835451
3005,0.6638996188226084
3004,0.39581814410201577
3003,0.6162617155002998
3010,0.49327631563785934
3019,0.4671378379669451
3011,0.7595559497439718
3012,0.7704850158330859
3013,0.28543417273769983
3014,0.5974861703969692
3009,0.4638952402181328
3016,0.4002845071477466
3017,0.4013423180402581
3018,0.2885360827941469
3015,0.6907821134745871
3020,0.7840833179492346
3105,0.6133082759700514
3114,0.505761817850414
3106,0.9117287654266694
3107,0.6551625888870288
3108,0.7633011249214166
3109,0.369418164783331
3110,0.617008112469241
3111,0.701753754123233
3112,0.5122919492024888
3113,0.29098027197671816
3103,0.503166089381968
3104,0.7997001137104736
3121,0.4840246768870355
3115,0.40644142627504565
3116,0.7089874859201395
3117,0.5589724174071488
3118,0.49008451494135014
3119,0.5966210971613424
3120,0.7751136776617241
3122,0.8316107712120736
3123,0.36189172677089365
3124,0.45040948374980017
3125,0.4439236919599268
3126,0.37574319186368793
3138,0.7328124823581217
3128,0.5283779968909823
3137,0.5713318526444491
3127,0.6741668502871695
3136,0.6524248038642025
3135,0.6545043816524514
3134,0.5349974603937041
3132,0.2526584289325392
3131,0.657913797218463
3130,0.7345298369197445
3129,0.6238666502884422
3133,0.5751669200591559
3140,0.6994752386755344
3139,0.5319713979690033
3142,0.5694633429743031
3143,0.32666899013649653
3144,0.773866685708042
3145,0.46561779285305743
3146,0.5284788408811902
3147,0.6703142262713281
3148,0.6760648407585811
3149,0.8627123965088205
3141,0.7224993613048849
3150,0.43583917801888855
3032,0.45903902536007113
3037,0.22095973112428147
3036,0.6162862987482814
3035,0.49319824164730164
3034,0.7345316169403782
3033,0.6778509254007253
3031,0.5245748131414006
3030,0.5076386408586064
3029,0.789879057742416
3027,0.49319824164730164
3026,0.2806539032966421
3025,0.23495692492759723
3024,0.43359423935632113
3023,0.2696431776955016
3022,0.4272114189741836
3021,0.3884304662517619
3028,0.4515881701116669
3056,0.7694422311053978
3055,0.3571471235122736
3057,0.5536435232953831
3046,0.7998160496304147
3059,0.2866803221018377
3060,0.8321551815362842
3054,0.5245218474099032
3058,0.8668958682301076
3053,0.5391149424222514
3044,0.6788800888443187
3051,0.859747212959311
3050,0.6324435683661235
3049,0.42355356020619184
3048,0.45706891621768553
3047,0.6914410424513441
3041,0.6013936358344497
3045,0.42304889930770617
3061,0.5418832220149589
3052,0.7074082753693719
3062,0.737910900353504
3042,0.8085399733010775
3038,0.6330419967020211
3039,0.6633661607968779
3040,0.5156096238366046
3043,0.49354630227000684
3063,0.6421706437684571
3079,0.24027112855376145
3078,0.49599522603065466
3077,0.6879354716026096
3076,0.2528662275701148
3075,0.7092504786734293
3074,0.7223626647961005
3073,0.8208527379484233
3071,0.17341426911681881
3070,0.7484622485619657
3069,0.7341611708832982
3068,0.7353184722837902
3067,0.2869582133439681
3066,0.7943300145574758
3065,0.5747045065271417
3064,0.8743946736871688
3072,0.7380365954294089
3088,0.3730443191914844
3089,0.6576546701850486
3080,0.2305300220219938
3090,0.22200192851309453
3091,0.3498828046043973
3092,0.1468019218499842
3094,0.33142568091374613
3095,0.4001308816524274
3096,0.6134807058030218
3097,0.47671036734281985
3098,0.735050974220632
3099,0.41063297968601453
3093,0.028409546194698043
3101,0.3904997896662208
3102,0.522760462369247
3087,0.7134420394107188
3086,0.35967291863785245
3085,0.41183757586138403
3084,0.6332857741914799
3083,0.79548151847526
3082,0.36628772780379626
3081,0.504861323384749
3100,0.2779578655588377
3459,0.7823015136884828
3460,0.46272587301182444
3461,0.9096456133143794
3462,0.09079622762271963
3463,0.3616754798628231
3464,0.18727239932166767
3469,0.6817729631761036
3466,0.4090762275136766
3467,0.7235831274451117
3468,0.3733388425014402
3470,0.4054873978439574
3458,0.40925632778160503
3465,0.3597089208772188
3457,0.8284381834292509
3447,0.23709238642483005
3455,0.6502213999588506
3454,0.8112497115638868
3453,0.4840958070333088
3452,0.4390223204330276
3451,0.768911609152799
3450,0.3649889657277823
3449,0.3904240348357694
3448,0.8241484747883038
3471,0.6722410222311275
3446,0.7055650503748452
3445,0.7419029361050251
3444,0.6549124142840936
3443,0.8513520455640161
3456,0.7355981126449705
3472,0.4930210590934384
3159,0.6089994877157906
3169,0.49554281594939364
3151,0.697313483546613
3152,0.1272445494622794
3153,0.8493938205413432
3154,0.49324557349274345
3170,0.8193621009481177
3156,0.7630767847953566
3157,0.2768571680002265
3158,0.9121827874491651
3155,0.908667323980999
3161,0.9391569743754118
3162,0.6833500476064424
3163,0.511973924167544
3164,0.6234058608942655
3165,0.1368494248645632
3166,0.5724438693146664
3167,0.3851273132920157
3168,0.761774629916036
3160,0.6849704145212574
3504,0.28648766448518637
3505,0.649868131872714
3506,0.7224907763991084
3507,0.3996324879163434
3511,0.46123739330343877
3509,0.6080378636070489
3510,0.6448223454470766
3512,0.380920270607347
3508,0.5629956334166861
3503,0.15168260088258603
3500,0.5629463714782305
3501,0.44089273368324583
3489,0.29155865217836546
3488,0.7188073156755074
3487,0.7701992607021366
3486,0.8989704301836934
3485,0.6485632402575539
3502,0.5000145777563065
3483,0.751651421757233
3482,0.4576103012367887
3481,0.5398972051996447
3480,0.4907534248850916
3479,0.41783494107210184
3478,0.7272412580567328
3477,0.800521678354468
3476,0.18680297921293212
3475,0.5701243912720585
3474,0.5691309859177658
3473,0.6438371067231773
3490,0.618652243913266
3491,0.5148777226180191
3484,0.6429305570379865
3498,0.6998297408472192
3499,0.5960349510484216
3497,0.8430242085006914
3496,0.42946077443273967
3495,0.4358389152556329
3494,0.40029160800334473
3493,0.23163010514137053
3492,0.4990738143695501
3521,0.43322207364685017
3520,0.6611325966087434
3519,0.899307384865532
3518,0.7410719757761295
3517,0.6675760963276797
3513,0.4796419901757836
3515,0.6886899022162896
3514,0.4060114119975447
3522,0.5253657767170308
3524,0.331750729931652
3516,0.7559994714941372
3523,0.3368550127677787
3525,0.813581310578572
3534,0.6129495839279371
3526,0.5285502779625775
3527,0.2769489954093658
3528,0.4008656014434995
3529,0.4462665947884135
3530,0.4164930494678107
3531,0.6093733937302105
3532,0.5990229924362603
3533,0.6937617024476296
3535,0.3049617089638973
3536,0.2018019962297837
3537,0.5637466073516851
3538,0.5826555176458843
3545,0.4004688976763318
3540,0.8538791307764717
3546,0.6704942725445772
3542,0.5888585015593842
3539,0.5645896992788482
3543,0.5213470133657309
3541,0.6555708305209041
3564,0.3197615973657366
3547,0.5560521876646852
3548,0.3965892085465319
3549,0.28835016902604343
3550,0.8536937945602796
3551,0.3736885094323611
3544,0.6058170132002028
3553,0.7242319048916102
3554,0.6009604585062578
3552,0.6458343714721014
3556,0.5426548391252628
3557,0.34416173370478365
3558,0.5366301438579112
3559,0.5236033212828629
3560,0.7754301875741153
3561,0.8028201292541193
3562,0.09705225957362379
3563,0.799134132480138
3555,0.39090529807411084
3598,0.7017794384186073
3597,0.7693749713670871
3596,0.6024000253461624
3595,0.3485890083965555
3594,0.3460459330511489
3592,0.729419014034941
3593,0.788698092423838
3590,0.6666324657542746
3589,0.7677785224602786
3588,0.7414227421194162
3587,0.4063182923209797
3586,0.7263999527958152
3585,0.7335919848218904
3591,0.35610290106634157
3612,0.5989124857066211
3611,0.1960468492301716
3610,0.43276126041237506
3609,0.4815545126943799
3608,0.6708909358395745
3607,0.8066881278190777
3606,0.8459102520028117
3605,0.6746274548326477
3604,0.42822835815402
3603,0.5276399277064752
3602,0.2746370120398828
3601,0.6008211148350325
3600,0.6935643929578073
3599,0.5088682529191375
3625,0.767842550127148
3624,0.7732779694743173
3623,0.5923319073105152
3626,0.9144661652947046
3622,0.8235370925320384
3621,0.48503094466782515
3620,0.563001356158059
3616,0.669003179814997
3618,0.3048300790979743
3617,0.26579483177513796
3615,0.4256624377920606
3614,0.5289076543556144
3613,0.5038120721028472
3619,0.34182526036658456
3638,0.5764511223680406
3637,0.6690369683993702
3636,0.8490108946565327
3635,0.7246898215713027
3634,0.33028590030618415
3633,0.5073540258972089
3630,0.7363536431557067
3631,0.5564240862092021
3629,0.6789357619850204
3628,0.4902972395729051
3627,0.7045875397884387
3639,0.4040011883396686
3632,0.6006966032572228
3640,0.3591298230847786
